cell_id,population,mutation_type,position,generations_before_sampling,origin_tick
gen0_ind573,3,m2,67334,98.0,102
gen0_ind573,3,m2,74363,173.0,27
gen0_ind573,3,m2,79929,165.0,35
gen0_ind573,3,m2,85195,83.0,117
gen0_ind115,1,m2,67334,98.0,102
gen0_ind115,1,m2,74363,173.0,27
gen0_ind115,1,m2,79929,165.0,35
gen0_ind115,1,m2,85195,83.0,117
gen0_ind321,1,m2,67334,98.0,102
gen0_ind321,1,m2,74363,173.0,27
gen0_ind321,1,m2,79929,165.0,35
gen0_ind321,1,m2,85195,83.0,117
gen0_ind471,2,m2,62051,37.0,163
gen0_ind471,2,m2,67334,98.0,102
gen0_ind471,2,m2,74363,173.0,27
gen0_ind471,2,m2,79929,165.0,35
gen0_ind471,2,m2,85195,83.0,117
gen0_ind472,2,m2,62051,37.0,163
gen0_ind472,2,m2,67334,98.0,102
gen0_ind472,2,m2,74363,173.0,27
gen0_ind472,2,m2,79929,165.0,35
gen0_ind472,2,m2,85195,83.0,117
gen0_ind405,2,m2,62051,37.0,163
gen0_ind405,2,m2,67334,98.0,102
gen0_ind405,2,m2,74363,173.0,27
gen0_ind405,2,m2,79929,165.0,35
gen0_ind405,2,m2,85195,83.0,117
gen0_ind455,2,m2,62051,37.0,163
gen0_ind455,2,m2,67334,98.0,102
gen0_ind455,2,m2,74363,173.0,27
gen0_ind455,2,m2,79929,165.0,35
gen0_ind455,2,m2,85195,83.0,117
gen0_ind440,2,m2,62051,37.0,163
gen0_ind440,2,m2,67334,98.0,102
gen0_ind440,2,m2,74363,173.0,27
gen0_ind440,2,m2,79929,165.0,35
gen0_ind440,2,m2,85195,83.0,117
gen0_ind477,2,m2,62051,37.0,163
gen0_ind477,2,m2,67334,98.0,102
gen0_ind477,2,m2,74363,173.0,27
gen0_ind477,2,m2,79929,165.0,35
gen0_ind477,2,m2,85195,83.0,117
gen0_ind495,2,m2,62051,37.0,163
gen0_ind495,2,m2,67334,98.0,102
gen0_ind495,2,m2,74363,173.0,27
gen0_ind495,2,m2,79929,165.0,35
gen0_ind495,2,m2,85195,83.0,117
gen0_ind496,2,m2,62051,37.0,163
gen0_ind496,2,m2,67334,98.0,102
gen0_ind496,2,m2,74363,173.0,27
gen0_ind496,2,m2,79929,165.0,35
gen0_ind496,2,m2,85195,83.0,117
gen0_ind434,2,m2,62051,37.0,163
gen0_ind434,2,m2,67334,98.0,102
gen0_ind434,2,m2,74363,173.0,27
gen0_ind434,2,m2,79929,165.0,35
gen0_ind434,2,m2,85195,83.0,117
gen0_ind468,2,m2,62051,37.0,163
gen0_ind468,2,m2,67334,98.0,102
gen0_ind468,2,m2,74363,173.0,27
gen0_ind468,2,m2,79929,165.0,35
gen0_ind468,2,m2,85195,83.0,117
gen0_ind429,2,m2,62051,37.0,163
gen0_ind429,2,m2,67334,98.0,102
gen0_ind429,2,m2,74363,173.0,27
gen0_ind429,2,m2,79929,165.0,35
gen0_ind429,2,m2,85195,83.0,117
gen0_ind438,2,m2,65662,9.0,191
gen0_ind438,2,m2,62051,37.0,163
gen0_ind438,2,m2,67334,98.0,102
gen0_ind438,2,m2,74363,173.0,27
gen0_ind438,2,m2,79929,165.0,35
gen0_ind438,2,m2,85195,83.0,117
gen0_ind487,2,m2,62051,37.0,163
gen0_ind487,2,m2,67334,98.0,102
gen0_ind487,2,m2,74363,173.0,27
gen0_ind487,2,m2,79929,165.0,35
gen0_ind487,2,m2,85195,83.0,117
gen0_ind463,2,m2,62051,37.0,163
gen0_ind463,2,m2,67334,98.0,102
gen0_ind463,2,m2,74363,173.0,27
gen0_ind463,2,m2,79929,165.0,35
gen0_ind463,2,m2,85195,83.0,117
gen0_ind436,2,m2,62051,37.0,163
gen0_ind436,2,m2,67334,98.0,102
gen0_ind436,2,m2,74363,173.0,27
gen0_ind436,2,m2,79929,165.0,35
gen0_ind436,2,m2,85195,83.0,117
gen0_ind498,2,m2,62051,37.0,163
gen0_ind498,2,m2,67334,98.0,102
gen0_ind498,2,m2,74363,173.0,27
gen0_ind498,2,m2,79929,165.0,35
gen0_ind498,2,m2,85195,83.0,117
gen0_ind403,2,m2,62051,37.0,163
gen0_ind403,2,m2,67334,98.0,102
gen0_ind403,2,m2,74363,173.0,27
gen0_ind403,2,m2,79929,165.0,35
gen0_ind403,2,m2,85195,83.0,117
gen0_ind494,2,m2,62051,37.0,163
gen0_ind494,2,m2,67334,98.0,102
gen0_ind494,2,m2,74363,173.0,27
gen0_ind494,2,m2,79929,165.0,35
gen0_ind494,2,m2,85195,83.0,117
gen0_ind428,2,m2,62051,37.0,163
gen0_ind428,2,m2,67334,98.0,102
gen0_ind428,2,m2,74363,173.0,27
gen0_ind428,2,m2,79929,165.0,35
gen0_ind428,2,m2,85195,83.0,117
gen0_ind492,2,m2,62051,37.0,163
gen0_ind492,2,m2,67334,98.0,102
gen0_ind492,2,m2,74363,173.0,27
gen0_ind492,2,m2,79929,165.0,35
gen0_ind492,2,m2,85195,83.0,117
gen0_ind462,2,m2,62051,37.0,163
gen0_ind462,2,m2,67334,98.0,102
gen0_ind462,2,m2,74363,173.0,27
gen0_ind462,2,m2,79929,165.0,35
gen0_ind462,2,m2,85195,83.0,117
gen0_ind420,2,m2,62051,37.0,163
gen0_ind420,2,m2,67334,98.0,102
gen0_ind420,2,m2,74363,173.0,27
gen0_ind420,2,m2,79929,165.0,35
gen0_ind420,2,m2,85195,83.0,117
gen0_ind431,2,m2,62051,37.0,163
gen0_ind431,2,m2,67334,98.0,102
gen0_ind431,2,m2,74363,173.0,27
gen0_ind431,2,m2,79929,165.0,35
gen0_ind431,2,m2,85195,83.0,117
gen0_ind476,2,m2,62051,37.0,163
gen0_ind476,2,m2,67334,98.0,102
gen0_ind476,2,m2,74363,173.0,27
gen0_ind476,2,m2,79929,165.0,35
gen0_ind476,2,m2,85195,83.0,117
gen0_ind442,2,m2,62051,37.0,163
gen0_ind442,2,m2,67334,98.0,102
gen0_ind442,2,m2,74363,173.0,27
gen0_ind442,2,m2,79929,165.0,35
gen0_ind442,2,m2,85195,83.0,117
gen0_ind412,2,m2,62051,37.0,163
gen0_ind412,2,m2,67334,98.0,102
gen0_ind412,2,m2,74363,173.0,27
gen0_ind412,2,m2,79929,165.0,35
gen0_ind412,2,m2,85195,83.0,117
gen0_ind469,2,m2,62051,37.0,163
gen0_ind469,2,m2,67334,98.0,102
gen0_ind469,2,m2,74363,173.0,27
gen0_ind469,2,m2,79929,165.0,35
gen0_ind469,2,m2,85195,83.0,117
gen0_ind443,2,m2,62051,37.0,163
gen0_ind443,2,m2,67334,98.0,102
gen0_ind443,2,m2,74363,173.0,27
gen0_ind443,2,m2,79929,165.0,35
gen0_ind443,2,m2,85195,83.0,117
gen0_ind427,2,m2,62051,37.0,163
gen0_ind427,2,m2,67334,98.0,102
gen0_ind427,2,m2,74363,173.0,27
gen0_ind427,2,m2,79929,165.0,35
gen0_ind427,2,m2,85195,83.0,117
gen0_ind423,2,m2,62051,37.0,163
gen0_ind423,2,m2,67334,98.0,102
gen0_ind423,2,m2,74363,173.0,27
gen0_ind423,2,m2,79929,165.0,35
gen0_ind423,2,m2,85195,83.0,117
gen0_ind446,2,m2,62051,37.0,163
gen0_ind446,2,m2,67334,98.0,102
gen0_ind446,2,m2,74363,173.0,27
gen0_ind446,2,m2,79929,165.0,35
gen0_ind446,2,m2,85195,83.0,117
gen0_ind413,2,m2,62051,37.0,163
gen0_ind413,2,m2,67334,98.0,102
gen0_ind413,2,m2,74363,173.0,27
gen0_ind413,2,m2,79929,165.0,35
gen0_ind413,2,m2,85195,83.0,117
gen0_ind461,2,m2,62051,37.0,163
gen0_ind461,2,m2,67334,98.0,102
gen0_ind461,2,m2,74363,173.0,27
gen0_ind461,2,m2,79929,165.0,35
gen0_ind461,2,m2,85195,83.0,117
gen0_ind426,2,m2,62051,37.0,163
gen0_ind426,2,m2,67334,98.0,102
gen0_ind426,2,m2,74363,173.0,27
gen0_ind426,2,m2,79929,165.0,35
gen0_ind426,2,m2,85195,83.0,117
gen0_ind458,2,m2,62051,37.0,163
gen0_ind458,2,m2,67334,98.0,102
gen0_ind458,2,m2,74363,173.0,27
gen0_ind458,2,m2,79929,165.0,35
gen0_ind458,2,m2,85195,83.0,117
gen0_ind464,2,m2,62051,37.0,163
gen0_ind464,2,m2,67334,98.0,102
gen0_ind464,2,m2,74363,173.0,27
gen0_ind464,2,m2,79929,165.0,35
gen0_ind464,2,m2,85195,83.0,117
gen0_ind497,2,m2,62051,37.0,163
gen0_ind497,2,m2,67334,98.0,102
gen0_ind497,2,m2,74363,173.0,27
gen0_ind497,2,m2,79929,165.0,35
gen0_ind497,2,m2,85195,83.0,117
gen0_ind456,2,m2,62051,37.0,163
gen0_ind456,2,m2,67334,98.0,102
gen0_ind456,2,m2,74363,173.0,27
gen0_ind456,2,m2,79929,165.0,35
gen0_ind456,2,m2,85195,83.0,117
gen0_ind466,2,m2,62051,37.0,163
gen0_ind466,2,m2,67334,98.0,102
gen0_ind466,2,m2,74363,173.0,27
gen0_ind466,2,m2,79929,165.0,35
gen0_ind466,2,m2,85195,83.0,117
gen0_ind410,2,m2,62051,37.0,163
gen0_ind410,2,m2,67334,98.0,102
gen0_ind410,2,m2,74363,173.0,27
gen0_ind410,2,m2,79929,165.0,35
gen0_ind410,2,m2,85195,83.0,117
gen0_ind432,2,m2,62051,37.0,163
gen0_ind432,2,m2,67334,98.0,102
gen0_ind432,2,m2,74363,173.0,27
gen0_ind432,2,m2,79929,165.0,35
gen0_ind432,2,m2,85195,83.0,117
gen0_ind483,2,m2,62051,37.0,163
gen0_ind483,2,m2,67334,98.0,102
gen0_ind483,2,m2,74363,173.0,27
gen0_ind483,2,m2,79929,165.0,35
gen0_ind483,2,m2,85195,83.0,117
gen0_ind482,2,m2,62051,37.0,163
gen0_ind482,2,m2,67334,98.0,102
gen0_ind482,2,m2,74363,173.0,27
gen0_ind482,2,m2,79929,165.0,35
gen0_ind482,2,m2,85195,83.0,117
gen0_ind488,2,m2,62051,37.0,163
gen0_ind488,2,m2,67334,98.0,102
gen0_ind488,2,m2,74363,173.0,27
gen0_ind488,2,m2,79929,165.0,35
gen0_ind488,2,m2,85195,83.0,117
gen0_ind406,2,m2,62051,37.0,163
gen0_ind406,2,m2,67334,98.0,102
gen0_ind406,2,m2,74363,173.0,27
gen0_ind406,2,m2,79929,165.0,35
gen0_ind406,2,m2,85195,83.0,117
gen0_ind439,2,m2,62051,37.0,163
gen0_ind439,2,m2,67334,98.0,102
gen0_ind439,2,m2,74363,173.0,27
gen0_ind439,2,m2,79929,165.0,35
gen0_ind439,2,m2,85195,83.0,117
gen0_ind452,2,m2,62051,37.0,163
gen0_ind452,2,m2,67334,98.0,102
gen0_ind452,2,m2,74363,173.0,27
gen0_ind452,2,m2,79929,165.0,35
gen0_ind452,2,m2,85195,83.0,117
gen0_ind430,2,m2,62051,37.0,163
gen0_ind430,2,m2,67334,98.0,102
gen0_ind430,2,m2,74363,173.0,27
gen0_ind430,2,m2,79929,165.0,35
gen0_ind430,2,m2,85195,83.0,117
gen0_ind459,2,m2,62051,37.0,163
gen0_ind459,2,m2,67334,98.0,102
gen0_ind459,2,m2,74363,173.0,27
gen0_ind459,2,m2,79929,165.0,35
gen0_ind459,2,m2,85195,83.0,117
gen0_ind460,2,m2,62051,37.0,163
gen0_ind460,2,m2,67334,98.0,102
gen0_ind460,2,m2,74363,173.0,27
gen0_ind460,2,m2,79929,165.0,35
gen0_ind460,2,m2,85195,83.0,117
gen0_ind473,2,m2,62051,37.0,163
gen0_ind473,2,m2,67334,98.0,102
gen0_ind473,2,m2,74363,173.0,27
gen0_ind473,2,m2,79929,165.0,35
gen0_ind473,2,m2,85195,83.0,117
gen0_ind400,2,m2,62051,37.0,163
gen0_ind400,2,m2,67334,98.0,102
gen0_ind400,2,m2,74363,173.0,27
gen0_ind400,2,m2,79929,165.0,35
gen0_ind400,2,m2,85195,83.0,117
gen0_ind407,2,m2,62051,37.0,163
gen0_ind407,2,m2,67334,98.0,102
gen0_ind407,2,m2,74363,173.0,27
gen0_ind407,2,m2,79929,165.0,35
gen0_ind407,2,m2,85195,83.0,117
gen0_ind490,2,m2,62051,37.0,163
gen0_ind490,2,m2,67334,98.0,102
gen0_ind490,2,m2,74363,173.0,27
gen0_ind490,2,m2,79929,165.0,35
gen0_ind490,2,m2,85195,83.0,117
gen0_ind465,2,m2,62051,37.0,163
gen0_ind465,2,m2,67334,98.0,102
gen0_ind465,2,m2,74363,173.0,27
gen0_ind465,2,m2,79929,165.0,35
gen0_ind465,2,m2,85195,83.0,117
gen0_ind485,2,m2,62051,37.0,163
gen0_ind485,2,m2,67334,98.0,102
gen0_ind485,2,m2,74363,173.0,27
gen0_ind485,2,m2,79929,165.0,35
gen0_ind485,2,m2,85195,83.0,117
gen0_ind493,2,m2,62051,37.0,163
gen0_ind493,2,m2,67334,98.0,102
gen0_ind493,2,m2,74363,173.0,27
gen0_ind493,2,m2,79929,165.0,35
gen0_ind493,2,m2,85195,83.0,117
gen0_ind451,2,m2,62051,37.0,163
gen0_ind451,2,m2,67334,98.0,102
gen0_ind451,2,m2,74363,173.0,27
gen0_ind451,2,m2,79929,165.0,35
gen0_ind451,2,m2,85195,83.0,117
gen0_ind475,2,m2,62051,37.0,163
gen0_ind475,2,m2,67334,98.0,102
gen0_ind475,2,m2,74363,173.0,27
gen0_ind475,2,m2,79929,165.0,35
gen0_ind475,2,m2,85195,83.0,117
gen0_ind444,2,m2,62051,37.0,163
gen0_ind444,2,m2,67334,98.0,102
gen0_ind444,2,m2,74363,173.0,27
gen0_ind444,2,m2,79929,165.0,35
gen0_ind444,2,m2,85195,83.0,117
gen0_ind454,2,m2,62051,37.0,163
gen0_ind454,2,m2,67334,98.0,102
gen0_ind454,2,m2,74363,173.0,27
gen0_ind454,2,m2,79929,165.0,35
gen0_ind454,2,m2,85195,83.0,117
gen0_ind411,2,m2,62051,37.0,163
gen0_ind411,2,m2,67334,98.0,102
gen0_ind411,2,m2,74363,173.0,27
gen0_ind411,2,m2,79929,165.0,35
gen0_ind411,2,m2,85195,83.0,117
gen0_ind437,2,m2,62051,37.0,163
gen0_ind437,2,m2,67334,98.0,102
gen0_ind437,2,m2,74363,173.0,27
gen0_ind437,2,m2,79929,165.0,35
gen0_ind437,2,m2,85195,83.0,117
gen0_ind409,2,m2,62051,37.0,163
gen0_ind409,2,m2,67334,98.0,102
gen0_ind409,2,m2,74363,173.0,27
gen0_ind409,2,m2,79929,165.0,35
gen0_ind409,2,m2,85195,83.0,117
gen0_ind416,2,m2,62051,37.0,163
gen0_ind416,2,m2,67334,98.0,102
gen0_ind416,2,m2,74363,173.0,27
gen0_ind416,2,m2,79929,165.0,35
gen0_ind416,2,m2,85195,83.0,117
gen0_ind422,2,m2,62051,37.0,163
gen0_ind422,2,m2,67334,98.0,102
gen0_ind422,2,m2,74363,173.0,27
gen0_ind422,2,m2,79929,165.0,35
gen0_ind422,2,m2,85195,83.0,117
gen0_ind457,2,m2,62051,37.0,163
gen0_ind457,2,m2,67334,98.0,102
gen0_ind457,2,m2,74363,173.0,27
gen0_ind457,2,m2,79929,165.0,35
gen0_ind457,2,m2,85195,83.0,117
gen0_ind491,2,m2,62051,37.0,163
gen0_ind491,2,m2,67334,98.0,102
gen0_ind491,2,m2,74363,173.0,27
gen0_ind491,2,m2,79929,165.0,35
gen0_ind491,2,m2,85195,83.0,117
gen0_ind447,2,m2,62051,37.0,163
gen0_ind447,2,m2,67334,98.0,102
gen0_ind447,2,m2,74363,173.0,27
gen0_ind447,2,m2,79929,165.0,35
gen0_ind447,2,m2,85195,83.0,117
gen0_ind448,2,m2,62051,37.0,163
gen0_ind448,2,m2,67334,98.0,102
gen0_ind448,2,m2,74363,173.0,27
gen0_ind448,2,m2,79929,165.0,35
gen0_ind448,2,m2,85195,83.0,117
gen0_ind449,2,m2,62051,37.0,163
gen0_ind449,2,m2,67334,98.0,102
gen0_ind449,2,m2,74363,173.0,27
gen0_ind449,2,m2,79929,165.0,35
gen0_ind449,2,m2,85195,83.0,117
gen0_ind499,2,m2,62051,37.0,163
gen0_ind499,2,m2,67334,98.0,102
gen0_ind499,2,m2,74363,173.0,27
gen0_ind499,2,m2,79929,165.0,35
gen0_ind499,2,m2,85195,83.0,117
gen0_ind481,2,m2,62051,37.0,163
gen0_ind481,2,m2,67334,98.0,102
gen0_ind481,2,m2,74363,173.0,27
gen0_ind481,2,m2,79929,165.0,35
gen0_ind481,2,m2,85195,83.0,117
gen0_ind474,2,m2,62051,37.0,163
gen0_ind474,2,m2,67334,98.0,102
gen0_ind474,2,m2,74363,173.0,27
gen0_ind474,2,m2,79929,165.0,35
gen0_ind474,2,m2,85195,83.0,117
gen0_ind402,2,m2,62051,37.0,163
gen0_ind402,2,m2,67334,98.0,102
gen0_ind402,2,m2,74363,173.0,27
gen0_ind402,2,m2,79929,165.0,35
gen0_ind402,2,m2,85195,83.0,117
gen0_ind418,2,m2,62051,37.0,163
gen0_ind418,2,m2,67334,98.0,102
gen0_ind418,2,m2,74363,173.0,27
gen0_ind418,2,m2,79929,165.0,35
gen0_ind418,2,m2,85195,83.0,117
gen0_ind484,2,m2,62051,37.0,163
gen0_ind484,2,m2,67334,98.0,102
gen0_ind484,2,m2,74363,173.0,27
gen0_ind484,2,m2,79929,165.0,35
gen0_ind484,2,m2,85195,83.0,117
gen0_ind470,2,m2,62051,37.0,163
gen0_ind470,2,m2,67334,98.0,102
gen0_ind470,2,m2,74363,173.0,27
gen0_ind470,2,m2,79929,165.0,35
gen0_ind470,2,m2,85195,83.0,117
gen0_ind480,2,m2,62051,37.0,163
gen0_ind480,2,m2,67334,98.0,102
gen0_ind480,2,m2,74363,173.0,27
gen0_ind480,2,m2,79929,165.0,35
gen0_ind480,2,m2,85195,83.0,117
gen0_ind479,2,m2,62051,37.0,163
gen0_ind479,2,m2,67334,98.0,102
gen0_ind479,2,m2,74363,173.0,27
gen0_ind479,2,m2,79929,165.0,35
gen0_ind479,2,m2,85195,83.0,117
gen0_ind419,2,m2,62051,37.0,163
gen0_ind419,2,m2,67334,98.0,102
gen0_ind419,2,m2,74363,173.0,27
gen0_ind419,2,m2,79929,165.0,35
gen0_ind419,2,m2,85195,83.0,117
gen0_ind424,2,m2,62051,37.0,163
gen0_ind424,2,m2,67334,98.0,102
gen0_ind424,2,m2,74363,173.0,27
gen0_ind424,2,m2,79929,165.0,35
gen0_ind424,2,m2,85195,83.0,117
gen0_ind414,2,m2,62051,37.0,163
gen0_ind414,2,m2,67334,98.0,102
gen0_ind414,2,m2,74363,173.0,27
gen0_ind414,2,m2,79929,165.0,35
gen0_ind414,2,m2,85195,83.0,117
gen0_ind478,2,m2,62051,37.0,163
gen0_ind478,2,m2,67334,98.0,102
gen0_ind478,2,m2,74363,173.0,27
gen0_ind478,2,m2,79929,165.0,35
gen0_ind478,2,m2,85195,83.0,117
gen0_ind417,2,m2,62051,37.0,163
gen0_ind417,2,m2,67334,98.0,102
gen0_ind417,2,m2,74363,173.0,27
gen0_ind417,2,m2,79929,165.0,35
gen0_ind417,2,m2,85195,83.0,117
gen0_ind435,2,m2,62051,37.0,163
gen0_ind435,2,m2,67334,98.0,102
gen0_ind435,2,m2,74363,173.0,27
gen0_ind435,2,m2,79929,165.0,35
gen0_ind435,2,m2,85195,83.0,117
gen0_ind486,2,m2,62051,37.0,163
gen0_ind486,2,m2,67334,98.0,102
gen0_ind486,2,m2,74363,173.0,27
gen0_ind486,2,m2,79929,165.0,35
gen0_ind486,2,m2,85195,83.0,117
gen0_ind408,2,m2,62051,37.0,163
gen0_ind408,2,m2,67334,98.0,102
gen0_ind408,2,m2,74363,173.0,27
gen0_ind408,2,m2,79929,165.0,35
gen0_ind408,2,m2,85195,83.0,117
gen0_ind445,2,m2,62051,37.0,163
gen0_ind445,2,m2,67334,98.0,102
gen0_ind445,2,m2,74363,173.0,27
gen0_ind445,2,m2,79929,165.0,35
gen0_ind445,2,m2,85195,83.0,117
gen0_ind421,2,m2,62051,37.0,163
gen0_ind421,2,m2,67334,98.0,102
gen0_ind421,2,m2,74363,173.0,27
gen0_ind421,2,m2,79929,165.0,35
gen0_ind421,2,m2,85195,83.0,117
gen0_ind450,2,m2,62051,37.0,163
gen0_ind450,2,m2,67334,98.0,102
gen0_ind450,2,m2,74363,173.0,27
gen0_ind450,2,m2,79929,165.0,35
gen0_ind450,2,m2,85195,83.0,117
gen0_ind404,2,m2,62051,37.0,163
gen0_ind404,2,m2,67334,98.0,102
gen0_ind404,2,m2,74363,173.0,27
gen0_ind404,2,m2,79929,165.0,35
gen0_ind404,2,m2,85195,83.0,117
gen0_ind425,2,m2,62051,37.0,163
gen0_ind425,2,m2,67334,98.0,102
gen0_ind425,2,m2,74363,173.0,27
gen0_ind425,2,m2,79929,165.0,35
gen0_ind425,2,m2,85195,83.0,117
gen0_ind415,2,m1,42271,15.0,185
gen0_ind415,2,m2,62051,37.0,163
gen0_ind415,2,m2,67334,98.0,102
gen0_ind415,2,m2,74363,173.0,27
gen0_ind415,2,m2,79929,165.0,35
gen0_ind415,2,m2,85195,83.0,117
gen0_ind441,2,m2,62051,37.0,163
gen0_ind441,2,m2,67334,98.0,102
gen0_ind441,2,m2,74363,173.0,27
gen0_ind441,2,m2,79929,165.0,35
gen0_ind441,2,m2,85195,83.0,117
gen0_ind401,2,m2,62051,37.0,163
gen0_ind401,2,m2,67334,98.0,102
gen0_ind401,2,m2,74363,173.0,27
gen0_ind401,2,m2,79929,165.0,35
gen0_ind401,2,m2,85195,83.0,117
gen0_ind467,2,m2,62051,37.0,163
gen0_ind467,2,m2,67334,98.0,102
gen0_ind467,2,m2,74363,173.0,27
gen0_ind467,2,m2,79929,165.0,35
gen0_ind467,2,m2,85195,83.0,117
gen0_ind433,2,m2,67334,98.0,102
gen0_ind433,2,m2,74363,173.0,27
gen0_ind433,2,m2,79929,165.0,35
gen0_ind433,2,m2,85195,83.0,117
gen0_ind453,2,m2,67334,98.0,102
gen0_ind453,2,m2,74363,173.0,27
gen0_ind453,2,m2,79929,165.0,35
gen0_ind453,2,m2,85195,83.0,117
gen0_ind239,1,m2,72297,72.0,128
gen0_ind239,1,m2,67334,98.0,102
gen0_ind239,1,m2,74363,173.0,27
gen0_ind239,1,m2,79929,165.0,35
gen0_ind239,1,m2,85195,83.0,117
gen0_ind584,3,m2,72297,72.0,128
gen0_ind584,3,m2,67334,98.0,102
gen0_ind584,3,m2,74363,173.0,27
gen0_ind584,3,m2,79929,165.0,35
gen0_ind584,3,m2,85195,83.0,117
gen0_ind525,3,m2,72297,72.0,128
gen0_ind525,3,m2,67334,98.0,102
gen0_ind525,3,m2,74363,173.0,27
gen0_ind525,3,m2,79929,165.0,35
gen0_ind525,3,m2,85195,83.0,117
gen0_ind63,1,m2,72297,72.0,128
gen0_ind63,1,m2,67334,98.0,102
gen0_ind63,1,m2,74363,173.0,27
gen0_ind63,1,m2,79929,165.0,35
gen0_ind63,1,m2,85195,83.0,117
gen0_ind568,3,m2,72297,72.0,128
gen0_ind568,3,m2,67334,98.0,102
gen0_ind568,3,m2,74363,173.0,27
gen0_ind568,3,m2,79929,165.0,35
gen0_ind568,3,m2,85195,83.0,117
gen0_ind10,1,m2,72297,72.0,128
gen0_ind10,1,m2,67334,98.0,102
gen0_ind10,1,m2,74363,173.0,27
gen0_ind10,1,m2,79929,165.0,35
gen0_ind10,1,m2,85195,83.0,117
gen0_ind175,1,m2,72297,72.0,128
gen0_ind175,1,m2,67334,98.0,102
gen0_ind175,1,m2,74363,173.0,27
gen0_ind175,1,m2,79929,165.0,35
gen0_ind175,1,m2,85195,83.0,117
gen0_ind196,1,m2,72297,72.0,128
gen0_ind196,1,m2,67334,98.0,102
gen0_ind196,1,m2,74363,173.0,27
gen0_ind196,1,m2,79929,165.0,35
gen0_ind196,1,m2,85195,83.0,117
gen0_ind271,1,m2,72297,72.0,128
gen0_ind271,1,m2,67334,98.0,102
gen0_ind271,1,m2,74363,173.0,27
gen0_ind271,1,m2,79929,165.0,35
gen0_ind271,1,m2,85195,83.0,117
gen0_ind141,1,m2,72297,72.0,128
gen0_ind141,1,m2,67334,98.0,102
gen0_ind141,1,m2,74363,173.0,27
gen0_ind141,1,m2,79929,165.0,35
gen0_ind141,1,m2,85195,83.0,117
gen0_ind380,1,m2,72297,72.0,128
gen0_ind380,1,m2,67334,98.0,102
gen0_ind380,1,m2,74363,173.0,27
gen0_ind380,1,m2,79929,165.0,35
gen0_ind380,1,m2,85195,83.0,117
gen0_ind151,1,m2,72297,72.0,128
gen0_ind151,1,m2,67334,98.0,102
gen0_ind151,1,m2,74363,173.0,27
gen0_ind151,1,m2,79929,165.0,35
gen0_ind151,1,m2,85195,83.0,117
gen0_ind164,1,m2,72297,72.0,128
gen0_ind164,1,m2,67334,98.0,102
gen0_ind164,1,m2,74363,173.0,27
gen0_ind164,1,m2,79929,165.0,35
gen0_ind164,1,m2,85195,83.0,117
gen0_ind236,1,m2,72297,72.0,128
gen0_ind236,1,m2,67334,98.0,102
gen0_ind236,1,m2,74363,173.0,27
gen0_ind236,1,m2,79929,165.0,35
gen0_ind236,1,m2,85195,83.0,117
gen0_ind128,1,m2,72297,72.0,128
gen0_ind128,1,m2,67334,98.0,102
gen0_ind128,1,m2,74363,173.0,27
gen0_ind128,1,m2,79929,165.0,35
gen0_ind128,1,m2,85195,83.0,117
gen0_ind298,1,m2,72297,72.0,128
gen0_ind298,1,m2,67334,98.0,102
gen0_ind298,1,m2,74363,173.0,27
gen0_ind298,1,m2,79929,165.0,35
gen0_ind298,1,m2,85195,83.0,117
gen0_ind248,1,m2,72297,72.0,128
gen0_ind248,1,m2,67334,98.0,102
gen0_ind248,1,m2,74363,173.0,27
gen0_ind248,1,m2,79929,165.0,35
gen0_ind248,1,m2,85195,83.0,117
gen0_ind357,1,m2,72297,72.0,128
gen0_ind357,1,m2,67334,98.0,102
gen0_ind357,1,m2,74363,173.0,27
gen0_ind357,1,m2,79929,165.0,35
gen0_ind357,1,m2,85195,83.0,117
gen0_ind163,1,m2,72297,72.0,128
gen0_ind163,1,m2,67334,98.0,102
gen0_ind163,1,m2,74363,173.0,27
gen0_ind163,1,m2,79929,165.0,35
gen0_ind163,1,m2,85195,83.0,117
gen0_ind302,1,m2,72297,72.0,128
gen0_ind302,1,m2,67334,98.0,102
gen0_ind302,1,m2,74363,173.0,27
gen0_ind302,1,m2,79929,165.0,35
gen0_ind302,1,m2,85195,83.0,117
gen0_ind226,1,m2,72297,72.0,128
gen0_ind226,1,m2,67334,98.0,102
gen0_ind226,1,m2,74363,173.0,27
gen0_ind226,1,m2,79929,165.0,35
gen0_ind226,1,m2,85195,83.0,117
gen0_ind283,1,m2,72297,72.0,128
gen0_ind283,1,m2,67334,98.0,102
gen0_ind283,1,m2,74363,173.0,27
gen0_ind283,1,m2,79929,165.0,35
gen0_ind283,1,m2,85195,83.0,117
gen0_ind43,1,m2,72297,72.0,128
gen0_ind43,1,m2,67334,98.0,102
gen0_ind43,1,m2,74363,173.0,27
gen0_ind43,1,m2,79929,165.0,35
gen0_ind43,1,m2,85195,83.0,117
gen0_ind353,1,m2,72297,72.0,128
gen0_ind353,1,m2,67334,98.0,102
gen0_ind353,1,m2,74363,173.0,27
gen0_ind353,1,m2,79929,165.0,35
gen0_ind353,1,m2,85195,83.0,117
gen0_ind397,1,m2,72297,72.0,128
gen0_ind397,1,m2,67334,98.0,102
gen0_ind397,1,m2,74363,173.0,27
gen0_ind397,1,m2,79929,165.0,35
gen0_ind397,1,m2,85195,83.0,117
gen0_ind6,1,m2,72297,72.0,128
gen0_ind6,1,m2,67334,98.0,102
gen0_ind6,1,m2,74363,173.0,27
gen0_ind6,1,m2,79929,165.0,35
gen0_ind6,1,m2,85195,83.0,117
gen0_ind281,1,m2,72297,72.0,128
gen0_ind281,1,m2,67334,98.0,102
gen0_ind281,1,m2,74363,173.0,27
gen0_ind281,1,m2,79929,165.0,35
gen0_ind281,1,m2,85195,83.0,117
gen0_ind375,1,m2,72297,72.0,128
gen0_ind375,1,m2,67334,98.0,102
gen0_ind375,1,m2,74363,173.0,27
gen0_ind375,1,m2,79929,165.0,35
gen0_ind375,1,m2,85195,83.0,117
gen0_ind165,1,m2,72297,72.0,128
gen0_ind165,1,m2,67334,98.0,102
gen0_ind165,1,m2,74363,173.0,27
gen0_ind165,1,m2,79929,165.0,35
gen0_ind165,1,m2,85195,83.0,117
gen0_ind289,1,m2,72297,72.0,128
gen0_ind289,1,m2,67334,98.0,102
gen0_ind289,1,m2,74363,173.0,27
gen0_ind289,1,m2,79929,165.0,35
gen0_ind289,1,m2,85195,83.0,117
gen0_ind335,1,m2,72297,72.0,128
gen0_ind335,1,m2,67334,98.0,102
gen0_ind335,1,m2,74363,173.0,27
gen0_ind335,1,m2,79929,165.0,35
gen0_ind335,1,m2,85195,83.0,117
gen0_ind350,1,m2,72297,72.0,128
gen0_ind350,1,m2,67334,98.0,102
gen0_ind350,1,m2,74363,173.0,27
gen0_ind350,1,m2,79929,165.0,35
gen0_ind350,1,m2,85195,83.0,117
gen0_ind119,1,m2,72297,72.0,128
gen0_ind119,1,m2,67334,98.0,102
gen0_ind119,1,m2,74363,173.0,27
gen0_ind119,1,m2,79929,165.0,35
gen0_ind119,1,m2,85195,83.0,117
gen0_ind384,1,m2,72297,72.0,128
gen0_ind384,1,m2,67334,98.0,102
gen0_ind384,1,m2,74363,173.0,27
gen0_ind384,1,m2,79929,165.0,35
gen0_ind384,1,m2,85195,83.0,117
gen0_ind234,1,m2,72297,72.0,128
gen0_ind234,1,m2,67334,98.0,102
gen0_ind234,1,m2,74363,173.0,27
gen0_ind234,1,m2,79929,165.0,35
gen0_ind234,1,m2,85195,83.0,117
gen0_ind556,3,m2,72297,72.0,128
gen0_ind556,3,m2,67334,98.0,102
gen0_ind556,3,m2,74363,173.0,27
gen0_ind556,3,m2,79929,165.0,35
gen0_ind556,3,m2,85195,83.0,117
gen0_ind297,1,m2,72297,72.0,128
gen0_ind297,1,m2,67334,98.0,102
gen0_ind297,1,m2,74363,173.0,27
gen0_ind297,1,m2,79929,165.0,35
gen0_ind297,1,m2,85195,83.0,117
gen0_ind274,1,m2,72297,72.0,128
gen0_ind274,1,m2,67334,98.0,102
gen0_ind274,1,m2,74363,173.0,27
gen0_ind274,1,m2,79929,165.0,35
gen0_ind274,1,m2,85195,83.0,117
gen0_ind319,1,m2,72297,72.0,128
gen0_ind319,1,m2,67334,98.0,102
gen0_ind319,1,m2,74363,173.0,27
gen0_ind319,1,m2,79929,165.0,35
gen0_ind319,1,m2,85195,83.0,117
gen0_ind203,1,m2,72297,72.0,128
gen0_ind203,1,m2,67334,98.0,102
gen0_ind203,1,m2,74363,173.0,27
gen0_ind203,1,m2,79929,165.0,35
gen0_ind203,1,m2,85195,83.0,117
gen0_ind47,1,m2,72297,72.0,128
gen0_ind47,1,m2,67334,98.0,102
gen0_ind47,1,m2,74363,173.0,27
gen0_ind47,1,m2,79929,165.0,35
gen0_ind47,1,m2,85195,83.0,117
gen0_ind368,1,m2,72297,72.0,128
gen0_ind368,1,m2,67334,98.0,102
gen0_ind368,1,m2,74363,173.0,27
gen0_ind368,1,m2,79929,165.0,35
gen0_ind368,1,m2,85195,83.0,117
gen0_ind134,1,m2,72297,72.0,128
gen0_ind134,1,m2,67334,98.0,102
gen0_ind134,1,m2,74363,173.0,27
gen0_ind134,1,m2,79929,165.0,35
gen0_ind134,1,m2,85195,83.0,117
gen0_ind587,3,m2,72297,72.0,128
gen0_ind587,3,m2,67334,98.0,102
gen0_ind587,3,m2,74363,173.0,27
gen0_ind587,3,m2,79929,165.0,35
gen0_ind587,3,m2,85195,83.0,117
gen0_ind197,1,m2,72297,72.0,128
gen0_ind197,1,m2,67334,98.0,102
gen0_ind197,1,m2,74363,173.0,27
gen0_ind197,1,m2,79929,165.0,35
gen0_ind197,1,m2,85195,83.0,117
gen0_ind280,1,m2,72297,72.0,128
gen0_ind280,1,m2,67334,98.0,102
gen0_ind280,1,m2,74363,173.0,27
gen0_ind280,1,m2,79929,165.0,35
gen0_ind280,1,m2,85195,83.0,117
gen0_ind166,1,m2,72297,72.0,128
gen0_ind166,1,m2,67334,98.0,102
gen0_ind166,1,m2,74363,173.0,27
gen0_ind166,1,m2,79929,165.0,35
gen0_ind166,1,m2,85195,83.0,117
gen0_ind195,1,m2,72297,72.0,128
gen0_ind195,1,m2,67334,98.0,102
gen0_ind195,1,m2,74363,173.0,27
gen0_ind195,1,m2,79929,165.0,35
gen0_ind195,1,m2,85195,83.0,117
gen0_ind580,3,m2,72297,72.0,128
gen0_ind580,3,m2,67334,98.0,102
gen0_ind580,3,m2,74363,173.0,27
gen0_ind580,3,m2,79929,165.0,35
gen0_ind580,3,m2,85195,83.0,117
gen0_ind42,1,m2,72297,72.0,128
gen0_ind42,1,m2,67334,98.0,102
gen0_ind42,1,m2,74363,173.0,27
gen0_ind42,1,m2,79929,165.0,35
gen0_ind42,1,m2,85195,83.0,117
gen0_ind367,1,m2,72297,72.0,128
gen0_ind367,1,m2,67334,98.0,102
gen0_ind367,1,m2,74363,173.0,27
gen0_ind367,1,m2,79929,165.0,35
gen0_ind367,1,m2,85195,83.0,117
gen0_ind529,3,m2,72297,72.0,128
gen0_ind529,3,m2,67334,98.0,102
gen0_ind529,3,m2,74363,173.0,27
gen0_ind529,3,m2,79929,165.0,35
gen0_ind529,3,m2,85195,83.0,117
gen0_ind80,1,m2,72297,72.0,128
gen0_ind80,1,m2,67334,98.0,102
gen0_ind80,1,m2,74363,173.0,27
gen0_ind80,1,m2,79929,165.0,35
gen0_ind80,1,m2,85195,83.0,117
gen0_ind59,1,m2,72297,72.0,128
gen0_ind59,1,m2,67334,98.0,102
gen0_ind59,1,m2,74363,173.0,27
gen0_ind59,1,m2,79929,165.0,35
gen0_ind59,1,m2,85195,83.0,117
gen0_ind208,1,m2,72297,72.0,128
gen0_ind208,1,m2,67334,98.0,102
gen0_ind208,1,m2,74363,173.0,27
gen0_ind208,1,m2,79929,165.0,35
gen0_ind208,1,m2,85195,83.0,117
gen0_ind209,1,m2,72297,72.0,128
gen0_ind209,1,m2,67334,98.0,102
gen0_ind209,1,m2,74363,173.0,27
gen0_ind209,1,m2,79929,165.0,35
gen0_ind209,1,m2,85195,83.0,117
gen0_ind7,1,m2,72297,72.0,128
gen0_ind7,1,m2,67334,98.0,102
gen0_ind7,1,m2,74363,173.0,27
gen0_ind7,1,m2,79929,165.0,35
gen0_ind7,1,m2,85195,83.0,117
gen0_ind83,1,m2,72297,72.0,128
gen0_ind83,1,m2,67334,98.0,102
gen0_ind83,1,m2,74363,173.0,27
gen0_ind83,1,m2,79929,165.0,35
gen0_ind83,1,m2,85195,83.0,117
gen0_ind158,1,m2,72297,72.0,128
gen0_ind158,1,m2,67334,98.0,102
gen0_ind158,1,m2,74363,173.0,27
gen0_ind158,1,m2,79929,165.0,35
gen0_ind158,1,m2,85195,83.0,117
gen0_ind358,1,m2,72297,72.0,128
gen0_ind358,1,m2,67334,98.0,102
gen0_ind358,1,m2,74363,173.0,27
gen0_ind358,1,m2,79929,165.0,35
gen0_ind358,1,m2,85195,83.0,117
gen0_ind105,1,m2,72297,72.0,128
gen0_ind105,1,m2,67334,98.0,102
gen0_ind105,1,m2,74363,173.0,27
gen0_ind105,1,m2,79929,165.0,35
gen0_ind105,1,m2,85195,83.0,117
gen0_ind250,1,m2,72297,72.0,128
gen0_ind250,1,m2,67334,98.0,102
gen0_ind250,1,m2,74363,173.0,27
gen0_ind250,1,m2,79929,165.0,35
gen0_ind250,1,m2,85195,83.0,117
gen0_ind84,1,m2,72297,72.0,128
gen0_ind84,1,m2,67334,98.0,102
gen0_ind84,1,m2,74363,173.0,27
gen0_ind84,1,m2,79929,165.0,35
gen0_ind84,1,m2,85195,83.0,117
gen0_ind91,1,m2,72297,72.0,128
gen0_ind91,1,m2,67334,98.0,102
gen0_ind91,1,m2,74363,173.0,27
gen0_ind91,1,m2,79929,165.0,35
gen0_ind91,1,m2,85195,83.0,117
gen0_ind30,1,m2,72297,72.0,128
gen0_ind30,1,m2,67334,98.0,102
gen0_ind30,1,m2,74363,173.0,27
gen0_ind30,1,m2,79929,165.0,35
gen0_ind30,1,m2,85195,83.0,117
gen0_ind146,1,m2,72297,72.0,128
gen0_ind146,1,m2,67334,98.0,102
gen0_ind146,1,m2,74363,173.0,27
gen0_ind146,1,m2,79929,165.0,35
gen0_ind146,1,m2,85195,83.0,117
gen0_ind174,1,m2,72297,72.0,128
gen0_ind174,1,m2,67334,98.0,102
gen0_ind174,1,m2,74363,173.0,27
gen0_ind174,1,m2,79929,165.0,35
gen0_ind174,1,m2,85195,83.0,117
gen0_ind113,1,m2,72297,72.0,128
gen0_ind113,1,m2,67334,98.0,102
gen0_ind113,1,m2,74363,173.0,27
gen0_ind113,1,m2,79929,165.0,35
gen0_ind113,1,m2,85195,83.0,117
gen0_ind135,1,m2,72297,72.0,128
gen0_ind135,1,m2,67334,98.0,102
gen0_ind135,1,m2,74363,173.0,27
gen0_ind135,1,m2,79929,165.0,35
gen0_ind135,1,m2,85195,83.0,117
gen0_ind107,1,m2,72297,72.0,128
gen0_ind107,1,m2,67334,98.0,102
gen0_ind107,1,m2,74363,173.0,27
gen0_ind107,1,m2,79929,165.0,35
gen0_ind107,1,m2,85195,83.0,117
gen0_ind217,1,m2,72297,72.0,128
gen0_ind217,1,m2,67334,98.0,102
gen0_ind217,1,m2,74363,173.0,27
gen0_ind217,1,m2,79929,165.0,35
gen0_ind217,1,m2,85195,83.0,117
gen0_ind182,1,m2,72297,72.0,128
gen0_ind182,1,m2,67334,98.0,102
gen0_ind182,1,m2,74363,173.0,27
gen0_ind182,1,m2,79929,165.0,35
gen0_ind182,1,m2,85195,83.0,117
gen0_ind275,1,m2,72297,72.0,128
gen0_ind275,1,m2,67334,98.0,102
gen0_ind275,1,m2,74363,173.0,27
gen0_ind275,1,m2,79929,165.0,35
gen0_ind275,1,m2,85195,83.0,117
gen0_ind4,1,m2,72297,72.0,128
gen0_ind4,1,m2,67334,98.0,102
gen0_ind4,1,m2,74363,173.0,27
gen0_ind4,1,m2,79929,165.0,35
gen0_ind4,1,m2,85195,83.0,117
gen0_ind21,1,m2,72297,72.0,128
gen0_ind21,1,m2,67334,98.0,102
gen0_ind21,1,m2,74363,173.0,27
gen0_ind21,1,m2,79929,165.0,35
gen0_ind21,1,m2,85195,83.0,117
gen0_ind206,1,m2,72297,72.0,128
gen0_ind206,1,m2,67334,98.0,102
gen0_ind206,1,m2,74363,173.0,27
gen0_ind206,1,m2,79929,165.0,35
gen0_ind206,1,m2,85195,83.0,117
gen0_ind318,1,m2,72297,72.0,128
gen0_ind318,1,m2,67334,98.0,102
gen0_ind318,1,m2,74363,173.0,27
gen0_ind318,1,m2,79929,165.0,35
gen0_ind318,1,m2,85195,83.0,117
gen0_ind20,1,m2,72297,72.0,128
gen0_ind20,1,m2,67334,98.0,102
gen0_ind20,1,m2,74363,173.0,27
gen0_ind20,1,m2,79929,165.0,35
gen0_ind20,1,m2,85195,83.0,117
gen0_ind299,1,m2,72297,72.0,128
gen0_ind299,1,m2,67334,98.0,102
gen0_ind299,1,m2,74363,173.0,27
gen0_ind299,1,m2,79929,165.0,35
gen0_ind299,1,m2,85195,83.0,117
gen0_ind351,1,m2,72297,72.0,128
gen0_ind351,1,m2,67334,98.0,102
gen0_ind351,1,m2,74363,173.0,27
gen0_ind351,1,m2,79929,165.0,35
gen0_ind351,1,m2,85195,83.0,117
gen0_ind193,1,m2,72297,72.0,128
gen0_ind193,1,m2,67334,98.0,102
gen0_ind193,1,m2,74363,173.0,27
gen0_ind193,1,m2,79929,165.0,35
gen0_ind193,1,m2,85195,83.0,117
gen0_ind211,1,m2,72297,72.0,128
gen0_ind211,1,m2,67334,98.0,102
gen0_ind211,1,m2,74363,173.0,27
gen0_ind211,1,m2,79929,165.0,35
gen0_ind211,1,m2,85195,83.0,117
gen0_ind142,1,m2,72297,72.0,128
gen0_ind142,1,m2,67334,98.0,102
gen0_ind142,1,m2,74363,173.0,27
gen0_ind142,1,m2,79929,165.0,35
gen0_ind142,1,m2,85195,83.0,117
gen0_ind222,1,m2,72297,72.0,128
gen0_ind222,1,m2,67334,98.0,102
gen0_ind222,1,m2,74363,173.0,27
gen0_ind222,1,m2,79929,165.0,35
gen0_ind222,1,m2,85195,83.0,117
gen0_ind133,1,m2,72297,72.0,128
gen0_ind133,1,m2,67334,98.0,102
gen0_ind133,1,m2,74363,173.0,27
gen0_ind133,1,m2,79929,165.0,35
gen0_ind133,1,m2,85195,83.0,117
gen0_ind325,1,m2,72297,72.0,128
gen0_ind325,1,m2,67334,98.0,102
gen0_ind325,1,m2,74363,173.0,27
gen0_ind325,1,m2,79929,165.0,35
gen0_ind325,1,m2,85195,83.0,117
gen0_ind71,1,m2,72297,72.0,128
gen0_ind71,1,m2,67334,98.0,102
gen0_ind71,1,m2,74363,173.0,27
gen0_ind71,1,m2,79929,165.0,35
gen0_ind71,1,m2,85195,83.0,117
gen0_ind276,1,m2,72297,72.0,128
gen0_ind276,1,m2,67334,98.0,102
gen0_ind276,1,m2,74363,173.0,27
gen0_ind276,1,m2,79929,165.0,35
gen0_ind276,1,m2,85195,83.0,117
gen0_ind309,1,m2,72297,72.0,128
gen0_ind309,1,m2,67334,98.0,102
gen0_ind309,1,m2,74363,173.0,27
gen0_ind309,1,m2,79929,165.0,35
gen0_ind309,1,m2,85195,83.0,117
gen0_ind145,1,m2,72297,72.0,128
gen0_ind145,1,m2,67334,98.0,102
gen0_ind145,1,m2,74363,173.0,27
gen0_ind145,1,m2,79929,165.0,35
gen0_ind145,1,m2,85195,83.0,117
gen0_ind102,1,m2,72297,72.0,128
gen0_ind102,1,m2,67334,98.0,102
gen0_ind102,1,m2,74363,173.0,27
gen0_ind102,1,m2,79929,165.0,35
gen0_ind102,1,m2,85195,83.0,117
gen0_ind372,1,m2,72297,72.0,128
gen0_ind372,1,m2,67334,98.0,102
gen0_ind372,1,m2,74363,173.0,27
gen0_ind372,1,m2,79929,165.0,35
gen0_ind372,1,m2,85195,83.0,117
gen0_ind144,1,m2,72297,72.0,128
gen0_ind144,1,m2,67334,98.0,102
gen0_ind144,1,m2,74363,173.0,27
gen0_ind144,1,m2,79929,165.0,35
gen0_ind144,1,m2,85195,83.0,117
gen0_ind365,1,m2,72297,72.0,128
gen0_ind365,1,m2,67334,98.0,102
gen0_ind365,1,m2,74363,173.0,27
gen0_ind365,1,m2,79929,165.0,35
gen0_ind365,1,m2,85195,83.0,117
gen0_ind261,1,m2,72297,72.0,128
gen0_ind261,1,m2,67334,98.0,102
gen0_ind261,1,m2,74363,173.0,27
gen0_ind261,1,m2,79929,165.0,35
gen0_ind261,1,m2,85195,83.0,117
gen0_ind244,1,m2,72297,72.0,128
gen0_ind244,1,m2,67334,98.0,102
gen0_ind244,1,m2,74363,173.0,27
gen0_ind244,1,m2,79929,165.0,35
gen0_ind244,1,m2,85195,83.0,117
gen0_ind395,1,m2,72297,72.0,128
gen0_ind395,1,m2,67334,98.0,102
gen0_ind395,1,m2,74363,173.0,27
gen0_ind395,1,m2,79929,165.0,35
gen0_ind395,1,m2,85195,83.0,117
gen0_ind58,1,m2,72297,72.0,128
gen0_ind58,1,m2,67334,98.0,102
gen0_ind58,1,m2,74363,173.0,27
gen0_ind58,1,m2,79929,165.0,35
gen0_ind58,1,m2,85195,83.0,117
gen0_ind390,1,m2,72297,72.0,128
gen0_ind390,1,m2,67334,98.0,102
gen0_ind390,1,m2,74363,173.0,27
gen0_ind390,1,m2,79929,165.0,35
gen0_ind390,1,m2,85195,83.0,117
gen0_ind24,1,m2,72297,72.0,128
gen0_ind24,1,m2,67334,98.0,102
gen0_ind24,1,m2,74363,173.0,27
gen0_ind24,1,m2,79929,165.0,35
gen0_ind24,1,m2,85195,83.0,117
gen0_ind94,1,m2,72297,72.0,128
gen0_ind94,1,m2,67334,98.0,102
gen0_ind94,1,m2,74363,173.0,27
gen0_ind94,1,m2,79929,165.0,35
gen0_ind94,1,m2,85195,83.0,117
gen0_ind382,1,m2,72297,72.0,128
gen0_ind382,1,m2,67334,98.0,102
gen0_ind382,1,m2,74363,173.0,27
gen0_ind382,1,m2,79929,165.0,35
gen0_ind382,1,m2,85195,83.0,117
gen0_ind263,1,m2,72297,72.0,128
gen0_ind263,1,m2,67334,98.0,102
gen0_ind263,1,m2,74363,173.0,27
gen0_ind263,1,m2,79929,165.0,35
gen0_ind263,1,m2,85195,83.0,117
gen0_ind178,1,m2,72297,72.0,128
gen0_ind178,1,m2,67334,98.0,102
gen0_ind178,1,m2,74363,173.0,27
gen0_ind178,1,m2,79929,165.0,35
gen0_ind178,1,m2,85195,83.0,117
gen0_ind341,1,m2,72297,72.0,128
gen0_ind341,1,m2,67334,98.0,102
gen0_ind341,1,m2,74363,173.0,27
gen0_ind341,1,m2,79929,165.0,35
gen0_ind341,1,m2,85195,83.0,117
gen0_ind225,1,m2,72297,72.0,128
gen0_ind225,1,m2,67334,98.0,102
gen0_ind225,1,m2,74363,173.0,27
gen0_ind225,1,m2,79929,165.0,35
gen0_ind225,1,m2,85195,83.0,117
gen0_ind191,1,m2,72297,72.0,128
gen0_ind191,1,m2,67334,98.0,102
gen0_ind191,1,m2,74363,173.0,27
gen0_ind191,1,m2,79929,165.0,35
gen0_ind191,1,m2,85195,83.0,117
gen0_ind190,1,m2,72297,72.0,128
gen0_ind190,1,m2,67334,98.0,102
gen0_ind190,1,m2,74363,173.0,27
gen0_ind190,1,m2,79929,165.0,35
gen0_ind190,1,m2,85195,83.0,117
gen0_ind231,1,m2,72297,72.0,128
gen0_ind231,1,m2,67334,98.0,102
gen0_ind231,1,m2,74363,173.0,27
gen0_ind231,1,m2,79929,165.0,35
gen0_ind231,1,m2,85195,83.0,117
gen0_ind489,2,m2,72297,72.0,128
gen0_ind489,2,m2,67334,98.0,102
gen0_ind489,2,m2,74363,173.0,27
gen0_ind489,2,m2,79929,165.0,35
gen0_ind489,2,m2,85195,83.0,117
gen0_ind388,1,m2,89298,5.0,195
gen0_ind388,1,m2,72297,72.0,128
gen0_ind388,1,m2,67334,98.0,102
gen0_ind388,1,m2,74363,173.0,27
gen0_ind388,1,m2,79929,165.0,35
gen0_ind388,1,m2,85195,83.0,117
gen0_ind198,1,m2,89298,5.0,195
gen0_ind198,1,m2,72297,72.0,128
gen0_ind198,1,m2,67334,98.0,102
gen0_ind198,1,m2,74363,173.0,27
gen0_ind198,1,m2,79929,165.0,35
gen0_ind198,1,m2,85195,83.0,117
gen0_ind291,1,m2,89298,5.0,195
gen0_ind291,1,m2,72297,72.0,128
gen0_ind291,1,m2,67334,98.0,102
gen0_ind291,1,m2,74363,173.0,27
gen0_ind291,1,m2,79929,165.0,35
gen0_ind291,1,m2,85195,83.0,117
gen0_ind57,1,m2,72297,72.0,128
gen0_ind57,1,m2,67334,98.0,102
gen0_ind57,1,m2,74363,173.0,27
gen0_ind57,1,m2,79929,165.0,35
gen0_ind57,1,m2,85195,83.0,117
gen0_ind116,1,m2,72297,72.0,128
gen0_ind116,1,m2,67334,98.0,102
gen0_ind116,1,m2,74363,173.0,27
gen0_ind116,1,m2,79929,165.0,35
gen0_ind116,1,m2,85195,83.0,117
gen0_ind311,1,m2,72297,72.0,128
gen0_ind311,1,m2,67334,98.0,102
gen0_ind311,1,m2,74363,173.0,27
gen0_ind311,1,m2,79929,165.0,35
gen0_ind311,1,m2,85195,83.0,117
gen0_ind54,1,m2,72297,72.0,128
gen0_ind54,1,m2,67334,98.0,102
gen0_ind54,1,m2,74363,173.0,27
gen0_ind54,1,m2,79929,165.0,35
gen0_ind54,1,m2,85195,83.0,117
gen0_ind73,1,m2,72297,72.0,128
gen0_ind73,1,m2,67334,98.0,102
gen0_ind73,1,m2,74363,173.0,27
gen0_ind73,1,m2,79929,165.0,35
gen0_ind73,1,m2,85195,83.0,117
gen0_ind126,1,m2,72297,72.0,128
gen0_ind126,1,m2,67334,98.0,102
gen0_ind126,1,m2,74363,173.0,27
gen0_ind126,1,m2,79929,165.0,35
gen0_ind126,1,m2,85195,83.0,117
gen0_ind177,1,m2,72297,72.0,128
gen0_ind177,1,m2,67334,98.0,102
gen0_ind177,1,m2,74363,173.0,27
gen0_ind177,1,m2,79929,165.0,35
gen0_ind177,1,m2,85195,83.0,117
gen0_ind227,1,m2,72297,72.0,128
gen0_ind227,1,m2,67334,98.0,102
gen0_ind227,1,m2,74363,173.0,27
gen0_ind227,1,m2,79929,165.0,35
gen0_ind227,1,m2,85195,83.0,117
gen0_ind331,1,m2,72297,72.0,128
gen0_ind331,1,m2,67334,98.0,102
gen0_ind331,1,m2,74363,173.0,27
gen0_ind331,1,m2,79929,165.0,35
gen0_ind331,1,m2,85195,83.0,117
gen0_ind121,1,m2,72297,72.0,128
gen0_ind121,1,m2,67334,98.0,102
gen0_ind121,1,m2,74363,173.0,27
gen0_ind121,1,m2,79929,165.0,35
gen0_ind121,1,m2,85195,83.0,117
gen0_ind75,1,m2,72297,72.0,128
gen0_ind75,1,m2,67334,98.0,102
gen0_ind75,1,m2,74363,173.0,27
gen0_ind75,1,m2,79929,165.0,35
gen0_ind75,1,m2,85195,83.0,117
gen0_ind256,1,m2,72297,72.0,128
gen0_ind256,1,m2,67334,98.0,102
gen0_ind256,1,m2,74363,173.0,27
gen0_ind256,1,m2,79929,165.0,35
gen0_ind256,1,m2,85195,83.0,117
gen0_ind277,1,m2,72297,72.0,128
gen0_ind277,1,m2,67334,98.0,102
gen0_ind277,1,m2,74363,173.0,27
gen0_ind277,1,m2,79929,165.0,35
gen0_ind277,1,m2,85195,83.0,117
gen0_ind292,1,m2,72297,72.0,128
gen0_ind292,1,m2,67334,98.0,102
gen0_ind292,1,m2,74363,173.0,27
gen0_ind292,1,m2,79929,165.0,35
gen0_ind292,1,m2,85195,83.0,117
gen0_ind313,1,m2,72297,72.0,128
gen0_ind313,1,m2,67334,98.0,102
gen0_ind313,1,m2,74363,173.0,27
gen0_ind313,1,m2,79929,165.0,35
gen0_ind313,1,m2,85195,83.0,117
gen0_ind216,1,m2,72297,72.0,128
gen0_ind216,1,m2,67334,98.0,102
gen0_ind216,1,m2,74363,173.0,27
gen0_ind216,1,m2,79929,165.0,35
gen0_ind216,1,m2,85195,83.0,117
gen0_ind240,1,m2,72297,72.0,128
gen0_ind240,1,m2,67334,98.0,102
gen0_ind240,1,m2,74363,173.0,27
gen0_ind240,1,m2,79929,165.0,35
gen0_ind240,1,m2,85195,83.0,117
gen0_ind270,1,m2,72297,72.0,128
gen0_ind270,1,m2,67334,98.0,102
gen0_ind270,1,m2,74363,173.0,27
gen0_ind270,1,m2,79929,165.0,35
gen0_ind270,1,m2,85195,83.0,117
gen0_ind167,1,m2,72297,72.0,128
gen0_ind167,1,m2,67334,98.0,102
gen0_ind167,1,m2,74363,173.0,27
gen0_ind167,1,m2,79929,165.0,35
gen0_ind167,1,m2,85195,83.0,117
gen0_ind186,1,m2,72297,72.0,128
gen0_ind186,1,m2,67334,98.0,102
gen0_ind186,1,m2,74363,173.0,27
gen0_ind186,1,m2,79929,165.0,35
gen0_ind186,1,m2,85195,83.0,117
gen0_ind11,1,m2,72297,72.0,128
gen0_ind11,1,m2,67334,98.0,102
gen0_ind11,1,m2,74363,173.0,27
gen0_ind11,1,m2,79929,165.0,35
gen0_ind11,1,m2,85195,83.0,117
gen0_ind25,1,m2,72297,72.0,128
gen0_ind25,1,m2,67334,98.0,102
gen0_ind25,1,m2,74363,173.0,27
gen0_ind25,1,m2,79929,165.0,35
gen0_ind25,1,m2,85195,83.0,117
gen0_ind100,1,m2,72297,72.0,128
gen0_ind100,1,m2,67334,98.0,102
gen0_ind100,1,m2,74363,173.0,27
gen0_ind100,1,m2,79929,165.0,35
gen0_ind100,1,m2,85195,83.0,117
gen0_ind348,1,m2,72297,72.0,128
gen0_ind348,1,m2,67334,98.0,102
gen0_ind348,1,m2,74363,173.0,27
gen0_ind348,1,m2,79929,165.0,35
gen0_ind348,1,m2,85195,83.0,117
gen0_ind374,1,m2,72297,72.0,128
gen0_ind374,1,m2,67334,98.0,102
gen0_ind374,1,m2,74363,173.0,27
gen0_ind374,1,m2,79929,165.0,35
gen0_ind374,1,m2,85195,83.0,117
gen0_ind82,1,m2,72297,72.0,128
gen0_ind82,1,m2,67334,98.0,102
gen0_ind82,1,m2,74363,173.0,27
gen0_ind82,1,m2,79929,165.0,35
gen0_ind82,1,m2,85195,83.0,117
gen0_ind259,1,m2,72297,72.0,128
gen0_ind259,1,m2,67334,98.0,102
gen0_ind259,1,m2,74363,173.0,27
gen0_ind259,1,m2,79929,165.0,35
gen0_ind259,1,m2,85195,83.0,117
gen0_ind89,1,m2,72297,72.0,128
gen0_ind89,1,m2,67334,98.0,102
gen0_ind89,1,m2,74363,173.0,27
gen0_ind89,1,m2,79929,165.0,35
gen0_ind89,1,m2,85195,83.0,117
gen0_ind252,1,m2,72297,72.0,128
gen0_ind252,1,m2,67334,98.0,102
gen0_ind252,1,m2,74363,173.0,27
gen0_ind252,1,m2,79929,165.0,35
gen0_ind252,1,m2,85195,83.0,117
gen0_ind257,1,m2,72297,72.0,128
gen0_ind257,1,m2,67334,98.0,102
gen0_ind257,1,m2,74363,173.0,27
gen0_ind257,1,m2,79929,165.0,35
gen0_ind257,1,m2,85195,83.0,117
gen0_ind180,1,m2,72297,72.0,128
gen0_ind180,1,m2,67334,98.0,102
gen0_ind180,1,m2,74363,173.0,27
gen0_ind180,1,m2,79929,165.0,35
gen0_ind180,1,m2,85195,83.0,117
gen0_ind215,1,m2,72297,72.0,128
gen0_ind215,1,m2,67334,98.0,102
gen0_ind215,1,m2,74363,173.0,27
gen0_ind215,1,m2,79929,165.0,35
gen0_ind215,1,m2,85195,83.0,117
gen0_ind106,1,m2,72297,72.0,128
gen0_ind106,1,m2,67334,98.0,102
gen0_ind106,1,m2,74363,173.0,27
gen0_ind106,1,m2,79929,165.0,35
gen0_ind106,1,m2,85195,83.0,117
gen0_ind210,1,m2,72297,72.0,128
gen0_ind210,1,m2,67334,98.0,102
gen0_ind210,1,m2,74363,173.0,27
gen0_ind210,1,m2,79929,165.0,35
gen0_ind210,1,m2,85195,83.0,117
gen0_ind192,1,m2,72297,72.0,128
gen0_ind192,1,m2,67334,98.0,102
gen0_ind192,1,m2,74363,173.0,27
gen0_ind192,1,m2,79929,165.0,35
gen0_ind192,1,m2,85195,83.0,117
gen0_ind243,1,m2,72297,72.0,128
gen0_ind243,1,m2,67334,98.0,102
gen0_ind243,1,m2,74363,173.0,27
gen0_ind243,1,m2,79929,165.0,35
gen0_ind243,1,m2,85195,83.0,117
gen0_ind370,1,m2,72297,72.0,128
gen0_ind370,1,m2,67334,98.0,102
gen0_ind370,1,m2,74363,173.0,27
gen0_ind370,1,m2,79929,165.0,35
gen0_ind370,1,m2,85195,83.0,117
gen0_ind185,1,m2,72297,72.0,128
gen0_ind185,1,m2,67334,98.0,102
gen0_ind185,1,m2,74363,173.0,27
gen0_ind185,1,m2,79929,165.0,35
gen0_ind185,1,m2,85195,83.0,117
gen0_ind14,1,m2,72297,72.0,128
gen0_ind14,1,m2,67334,98.0,102
gen0_ind14,1,m2,74363,173.0,27
gen0_ind14,1,m2,79929,165.0,35
gen0_ind14,1,m2,85195,83.0,117
gen0_ind363,1,m2,72297,72.0,128
gen0_ind363,1,m2,67334,98.0,102
gen0_ind363,1,m2,74363,173.0,27
gen0_ind363,1,m2,79929,165.0,35
gen0_ind363,1,m2,85195,83.0,117
gen0_ind23,1,m2,72297,72.0,128
gen0_ind23,1,m2,67334,98.0,102
gen0_ind23,1,m2,74363,173.0,27
gen0_ind23,1,m2,79929,165.0,35
gen0_ind23,1,m2,85195,83.0,117
gen0_ind16,1,m2,72297,72.0,128
gen0_ind16,1,m2,67334,98.0,102
gen0_ind16,1,m2,74363,173.0,27
gen0_ind16,1,m2,79929,165.0,35
gen0_ind16,1,m2,85195,83.0,117
gen0_ind68,1,m2,72297,72.0,128
gen0_ind68,1,m2,67334,98.0,102
gen0_ind68,1,m2,74363,173.0,27
gen0_ind68,1,m2,79929,165.0,35
gen0_ind68,1,m2,85195,83.0,117
gen0_ind564,3,m2,72297,72.0,128
gen0_ind564,3,m2,67334,98.0,102
gen0_ind564,3,m2,74363,173.0,27
gen0_ind564,3,m2,79929,165.0,35
gen0_ind564,3,m2,85195,83.0,117
gen0_ind214,1,m2,72297,72.0,128
gen0_ind214,1,m2,67334,98.0,102
gen0_ind214,1,m2,74363,173.0,27
gen0_ind214,1,m2,79929,165.0,35
gen0_ind214,1,m2,85195,83.0,117
gen0_ind200,1,m2,72297,72.0,128
gen0_ind200,1,m2,67334,98.0,102
gen0_ind200,1,m2,74363,173.0,27
gen0_ind200,1,m2,79929,165.0,35
gen0_ind200,1,m2,85195,83.0,117
gen0_ind247,1,m2,72297,72.0,128
gen0_ind247,1,m2,67334,98.0,102
gen0_ind247,1,m2,74363,173.0,27
gen0_ind247,1,m2,79929,165.0,35
gen0_ind247,1,m2,85195,83.0,117
gen0_ind278,1,m2,72297,72.0,128
gen0_ind278,1,m2,67334,98.0,102
gen0_ind278,1,m2,74363,173.0,27
gen0_ind278,1,m2,79929,165.0,35
gen0_ind278,1,m2,85195,83.0,117
gen0_ind329,1,m2,72297,72.0,128
gen0_ind329,1,m2,67334,98.0,102
gen0_ind329,1,m2,74363,173.0,27
gen0_ind329,1,m2,79929,165.0,35
gen0_ind329,1,m2,85195,83.0,117
gen0_ind338,1,m2,72297,72.0,128
gen0_ind338,1,m2,67334,98.0,102
gen0_ind338,1,m2,74363,173.0,27
gen0_ind338,1,m2,79929,165.0,35
gen0_ind338,1,m2,85195,83.0,117
gen0_ind383,1,m2,72297,72.0,128
gen0_ind383,1,m2,67334,98.0,102
gen0_ind383,1,m2,74363,173.0,27
gen0_ind383,1,m2,79929,165.0,35
gen0_ind383,1,m2,85195,83.0,117
gen0_ind253,1,m2,72297,72.0,128
gen0_ind253,1,m2,67334,98.0,102
gen0_ind253,1,m2,74363,173.0,27
gen0_ind253,1,m2,79929,165.0,35
gen0_ind253,1,m2,85195,83.0,117
gen0_ind346,1,m2,72297,72.0,128
gen0_ind346,1,m2,67334,98.0,102
gen0_ind346,1,m2,74363,173.0,27
gen0_ind346,1,m2,79929,165.0,35
gen0_ind346,1,m2,85195,83.0,117
gen0_ind273,1,m2,72297,72.0,128
gen0_ind273,1,m2,67334,98.0,102
gen0_ind273,1,m2,74363,173.0,27
gen0_ind273,1,m2,79929,165.0,35
gen0_ind273,1,m2,85195,83.0,117
gen0_ind35,1,m2,72297,72.0,128
gen0_ind35,1,m2,67334,98.0,102
gen0_ind35,1,m2,74363,173.0,27
gen0_ind35,1,m2,79929,165.0,35
gen0_ind35,1,m2,85195,83.0,117
gen0_ind316,1,m2,72297,72.0,128
gen0_ind316,1,m2,67334,98.0,102
gen0_ind316,1,m2,74363,173.0,27
gen0_ind316,1,m2,79929,165.0,35
gen0_ind316,1,m2,85195,83.0,117
gen0_ind104,1,m2,72297,72.0,128
gen0_ind104,1,m2,67334,98.0,102
gen0_ind104,1,m2,74363,173.0,27
gen0_ind104,1,m2,79929,165.0,35
gen0_ind104,1,m2,85195,83.0,117
gen0_ind347,1,m2,72297,72.0,128
gen0_ind347,1,m2,67334,98.0,102
gen0_ind347,1,m2,74363,173.0,27
gen0_ind347,1,m2,79929,165.0,35
gen0_ind347,1,m2,85195,83.0,117
gen0_ind28,1,m2,72297,72.0,128
gen0_ind28,1,m2,67334,98.0,102
gen0_ind28,1,m2,74363,173.0,27
gen0_ind28,1,m2,79929,165.0,35
gen0_ind28,1,m2,85195,83.0,117
gen0_ind585,3,m2,72297,72.0,128
gen0_ind585,3,m2,67334,98.0,102
gen0_ind585,3,m2,74363,173.0,27
gen0_ind585,3,m2,79929,165.0,35
gen0_ind585,3,m2,85195,83.0,117
gen0_ind219,1,m2,72297,72.0,128
gen0_ind219,1,m2,67334,98.0,102
gen0_ind219,1,m2,74363,173.0,27
gen0_ind219,1,m2,79929,165.0,35
gen0_ind219,1,m2,85195,83.0,117
gen0_ind308,1,m2,72297,72.0,128
gen0_ind308,1,m2,67334,98.0,102
gen0_ind308,1,m2,74363,173.0,27
gen0_ind308,1,m2,79929,165.0,35
gen0_ind308,1,m2,85195,83.0,117
gen0_ind168,1,m2,72297,72.0,128
gen0_ind168,1,m2,67334,98.0,102
gen0_ind168,1,m2,74363,173.0,27
gen0_ind168,1,m2,79929,165.0,35
gen0_ind168,1,m2,85195,83.0,117
gen0_ind315,1,m2,72297,72.0,128
gen0_ind315,1,m2,67334,98.0,102
gen0_ind315,1,m2,74363,173.0,27
gen0_ind315,1,m2,79929,165.0,35
gen0_ind315,1,m2,85195,83.0,117
gen0_ind385,1,m2,72297,72.0,128
gen0_ind385,1,m2,67334,98.0,102
gen0_ind385,1,m2,74363,173.0,27
gen0_ind385,1,m2,79929,165.0,35
gen0_ind385,1,m2,85195,83.0,117
gen0_ind95,1,m2,72297,72.0,128
gen0_ind95,1,m2,67334,98.0,102
gen0_ind95,1,m2,74363,173.0,27
gen0_ind95,1,m2,79929,165.0,35
gen0_ind95,1,m2,85195,83.0,117
gen0_ind377,1,m2,72297,72.0,128
gen0_ind377,1,m2,67334,98.0,102
gen0_ind377,1,m2,74363,173.0,27
gen0_ind377,1,m2,79929,165.0,35
gen0_ind377,1,m2,85195,83.0,117
gen0_ind202,1,m2,72297,72.0,128
gen0_ind202,1,m2,67334,98.0,102
gen0_ind202,1,m2,74363,173.0,27
gen0_ind202,1,m2,79929,165.0,35
gen0_ind202,1,m2,85195,83.0,117
gen0_ind233,1,m2,72297,72.0,128
gen0_ind233,1,m2,67334,98.0,102
gen0_ind233,1,m2,74363,173.0,27
gen0_ind233,1,m2,79929,165.0,35
gen0_ind233,1,m2,85195,83.0,117
gen0_ind693,4,m2,60698,32.0,168
gen0_ind693,4,m2,65153,54.0,146
gen0_ind693,4,m2,72297,72.0,128
gen0_ind693,4,m2,67334,98.0,102
gen0_ind693,4,m2,74363,173.0,27
gen0_ind693,4,m2,79929,165.0,35
gen0_ind693,4,m2,85195,83.0,117
gen0_ind691,4,m2,60698,32.0,168
gen0_ind691,4,m2,65153,54.0,146
gen0_ind691,4,m2,72297,72.0,128
gen0_ind691,4,m2,67334,98.0,102
gen0_ind691,4,m2,74363,173.0,27
gen0_ind691,4,m2,79929,165.0,35
gen0_ind691,4,m2,85195,83.0,117
gen0_ind636,4,m2,60698,32.0,168
gen0_ind636,4,m2,65153,54.0,146
gen0_ind636,4,m2,72297,72.0,128
gen0_ind636,4,m2,67334,98.0,102
gen0_ind636,4,m2,74363,173.0,27
gen0_ind636,4,m2,79929,165.0,35
gen0_ind636,4,m2,85195,83.0,117
gen0_ind680,4,m2,60698,32.0,168
gen0_ind680,4,m2,65153,54.0,146
gen0_ind680,4,m2,72297,72.0,128
gen0_ind680,4,m2,67334,98.0,102
gen0_ind680,4,m2,74363,173.0,27
gen0_ind680,4,m2,79929,165.0,35
gen0_ind680,4,m2,85195,83.0,117
gen0_ind610,4,m2,60698,32.0,168
gen0_ind610,4,m2,65153,54.0,146
gen0_ind610,4,m2,72297,72.0,128
gen0_ind610,4,m2,67334,98.0,102
gen0_ind610,4,m2,74363,173.0,27
gen0_ind610,4,m2,79929,165.0,35
gen0_ind610,4,m2,85195,83.0,117
gen0_ind620,4,m2,60698,32.0,168
gen0_ind620,4,m2,65153,54.0,146
gen0_ind620,4,m2,72297,72.0,128
gen0_ind620,4,m2,67334,98.0,102
gen0_ind620,4,m2,74363,173.0,27
gen0_ind620,4,m2,79929,165.0,35
gen0_ind620,4,m2,85195,83.0,117
gen0_ind656,4,m2,60698,32.0,168
gen0_ind656,4,m2,65153,54.0,146
gen0_ind656,4,m2,72297,72.0,128
gen0_ind656,4,m2,67334,98.0,102
gen0_ind656,4,m2,74363,173.0,27
gen0_ind656,4,m2,79929,165.0,35
gen0_ind656,4,m2,85195,83.0,117
gen0_ind662,4,m2,60698,32.0,168
gen0_ind662,4,m2,65153,54.0,146
gen0_ind662,4,m2,72297,72.0,128
gen0_ind662,4,m2,67334,98.0,102
gen0_ind662,4,m2,74363,173.0,27
gen0_ind662,4,m2,79929,165.0,35
gen0_ind662,4,m2,85195,83.0,117
gen0_ind669,4,m2,60698,32.0,168
gen0_ind669,4,m2,65153,54.0,146
gen0_ind669,4,m2,72297,72.0,128
gen0_ind669,4,m2,67334,98.0,102
gen0_ind669,4,m2,74363,173.0,27
gen0_ind669,4,m2,79929,165.0,35
gen0_ind669,4,m2,85195,83.0,117
gen0_ind675,4,m2,60698,32.0,168
gen0_ind675,4,m2,65153,54.0,146
gen0_ind675,4,m2,72297,72.0,128
gen0_ind675,4,m2,67334,98.0,102
gen0_ind675,4,m2,74363,173.0,27
gen0_ind675,4,m2,79929,165.0,35
gen0_ind675,4,m2,85195,83.0,117
gen0_ind67,1,m2,72297,72.0,128
gen0_ind67,1,m2,67334,98.0,102
gen0_ind67,1,m2,74363,173.0,27
gen0_ind67,1,m2,79929,165.0,35
gen0_ind67,1,m2,85195,83.0,117
gen0_ind92,1,m2,72297,72.0,128
gen0_ind92,1,m2,67334,98.0,102
gen0_ind92,1,m2,74363,173.0,27
gen0_ind92,1,m2,79929,165.0,35
gen0_ind92,1,m2,85195,83.0,117
gen0_ind578,3,m2,72297,72.0,128
gen0_ind578,3,m2,67334,98.0,102
gen0_ind578,3,m2,74363,173.0,27
gen0_ind578,3,m2,79929,165.0,35
gen0_ind578,3,m2,85195,83.0,117
gen0_ind97,1,m2,72297,72.0,128
gen0_ind97,1,m2,67334,98.0,102
gen0_ind97,1,m2,74363,173.0,27
gen0_ind97,1,m2,79929,165.0,35
gen0_ind97,1,m2,85195,83.0,117
gen0_ind127,1,m2,72297,72.0,128
gen0_ind127,1,m2,67334,98.0,102
gen0_ind127,1,m2,74363,173.0,27
gen0_ind127,1,m2,79929,165.0,35
gen0_ind127,1,m2,85195,83.0,117
gen0_ind582,3,m2,72297,72.0,128
gen0_ind582,3,m2,67334,98.0,102
gen0_ind582,3,m2,74363,173.0,27
gen0_ind582,3,m2,79929,165.0,35
gen0_ind582,3,m2,85195,83.0,117
gen0_ind521,3,m2,72297,72.0,128
gen0_ind521,3,m2,67334,98.0,102
gen0_ind521,3,m2,74363,173.0,27
gen0_ind521,3,m2,79929,165.0,35
gen0_ind521,3,m2,85195,83.0,117
gen0_ind577,3,m2,72297,72.0,128
gen0_ind577,3,m2,67334,98.0,102
gen0_ind577,3,m2,74363,173.0,27
gen0_ind577,3,m2,79929,165.0,35
gen0_ind577,3,m2,85195,83.0,117
gen0_ind532,3,m2,72297,72.0,128
gen0_ind532,3,m2,67334,98.0,102
gen0_ind532,3,m2,74363,173.0,27
gen0_ind532,3,m2,79929,165.0,35
gen0_ind532,3,m2,85195,83.0,117
gen0_ind550,3,m2,72297,72.0,128
gen0_ind550,3,m2,67334,98.0,102
gen0_ind550,3,m2,74363,173.0,27
gen0_ind550,3,m2,79929,165.0,35
gen0_ind550,3,m2,85195,83.0,117
gen0_ind152,1,m2,72297,72.0,128
gen0_ind152,1,m2,67334,98.0,102
gen0_ind152,1,m2,74363,173.0,27
gen0_ind152,1,m2,79929,165.0,35
gen0_ind152,1,m2,85195,83.0,117
gen0_ind229,1,m2,72297,72.0,128
gen0_ind229,1,m2,67334,98.0,102
gen0_ind229,1,m2,74363,173.0,27
gen0_ind229,1,m2,79929,165.0,35
gen0_ind229,1,m2,85195,83.0,117
gen0_ind108,1,m2,72297,72.0,128
gen0_ind108,1,m2,67334,98.0,102
gen0_ind108,1,m2,74363,173.0,27
gen0_ind108,1,m2,79929,165.0,35
gen0_ind108,1,m2,85195,83.0,117
gen0_ind153,1,m2,72297,72.0,128
gen0_ind153,1,m2,67334,98.0,102
gen0_ind153,1,m2,74363,173.0,27
gen0_ind153,1,m2,79929,165.0,35
gen0_ind153,1,m2,85195,83.0,117
gen0_ind534,3,m2,72297,72.0,128
gen0_ind534,3,m2,67334,98.0,102
gen0_ind534,3,m2,74363,173.0,27
gen0_ind534,3,m2,79929,165.0,35
gen0_ind534,3,m2,85195,83.0,117
gen0_ind393,1,m2,72297,72.0,128
gen0_ind393,1,m2,67334,98.0,102
gen0_ind393,1,m2,74363,173.0,27
gen0_ind393,1,m2,79929,165.0,35
gen0_ind393,1,m2,85195,83.0,117
gen0_ind13,1,m2,72297,72.0,128
gen0_ind13,1,m2,67334,98.0,102
gen0_ind13,1,m2,74363,173.0,27
gen0_ind13,1,m2,79929,165.0,35
gen0_ind13,1,m2,85195,83.0,117
gen0_ind99,1,m2,72297,72.0,128
gen0_ind99,1,m2,67334,98.0,102
gen0_ind99,1,m2,74363,173.0,27
gen0_ind99,1,m2,79929,165.0,35
gen0_ind99,1,m2,85195,83.0,117
gen0_ind194,1,m2,72297,72.0,128
gen0_ind194,1,m2,67334,98.0,102
gen0_ind194,1,m2,74363,173.0,27
gen0_ind194,1,m2,79929,165.0,35
gen0_ind194,1,m2,85195,83.0,117
gen0_ind170,1,m2,72297,72.0,128
gen0_ind170,1,m2,67334,98.0,102
gen0_ind170,1,m2,74363,173.0,27
gen0_ind170,1,m2,79929,165.0,35
gen0_ind170,1,m2,85195,83.0,117
gen0_ind524,3,m2,72297,72.0,128
gen0_ind524,3,m2,67334,98.0,102
gen0_ind524,3,m2,74363,173.0,27
gen0_ind524,3,m2,79929,165.0,35
gen0_ind524,3,m2,85195,83.0,117
gen0_ind41,1,m2,72297,72.0,128
gen0_ind41,1,m2,67334,98.0,102
gen0_ind41,1,m2,74363,173.0,27
gen0_ind41,1,m2,79929,165.0,35
gen0_ind41,1,m2,85195,83.0,117
gen0_ind118,1,m2,72297,72.0,128
gen0_ind118,1,m2,67334,98.0,102
gen0_ind118,1,m2,74363,173.0,27
gen0_ind118,1,m2,79929,165.0,35
gen0_ind118,1,m2,85195,83.0,117
gen0_ind536,3,m2,72297,72.0,128
gen0_ind536,3,m2,67334,98.0,102
gen0_ind536,3,m2,74363,173.0,27
gen0_ind536,3,m2,79929,165.0,35
gen0_ind536,3,m2,85195,83.0,117
gen0_ind201,1,m2,72297,72.0,128
gen0_ind201,1,m2,67334,98.0,102
gen0_ind201,1,m2,74363,173.0,27
gen0_ind201,1,m2,79929,165.0,35
gen0_ind201,1,m2,85195,83.0,117
gen0_ind70,1,m2,72297,72.0,128
gen0_ind70,1,m2,67334,98.0,102
gen0_ind70,1,m2,74363,173.0,27
gen0_ind70,1,m2,79929,165.0,35
gen0_ind70,1,m2,85195,83.0,117
gen0_ind86,1,m2,72297,72.0,128
gen0_ind86,1,m2,67334,98.0,102
gen0_ind86,1,m2,74363,173.0,27
gen0_ind86,1,m2,79929,165.0,35
gen0_ind86,1,m2,85195,83.0,117
gen0_ind392,1,m2,72297,72.0,128
gen0_ind392,1,m2,67334,98.0,102
gen0_ind392,1,m2,74363,173.0,27
gen0_ind392,1,m2,79929,165.0,35
gen0_ind392,1,m2,85195,83.0,117
gen0_ind378,1,m2,72297,72.0,128
gen0_ind378,1,m2,67334,98.0,102
gen0_ind378,1,m2,74363,173.0,27
gen0_ind378,1,m2,79929,165.0,35
gen0_ind378,1,m2,85195,83.0,117
gen0_ind31,1,m2,72297,72.0,128
gen0_ind31,1,m2,67334,98.0,102
gen0_ind31,1,m2,74363,173.0,27
gen0_ind31,1,m2,79929,165.0,35
gen0_ind31,1,m2,85195,83.0,117
gen0_ind373,1,m2,72297,72.0,128
gen0_ind373,1,m2,67334,98.0,102
gen0_ind373,1,m2,74363,173.0,27
gen0_ind373,1,m2,79929,165.0,35
gen0_ind373,1,m2,85195,83.0,117
gen0_ind386,1,m2,72297,72.0,128
gen0_ind386,1,m2,67334,98.0,102
gen0_ind386,1,m2,74363,173.0,27
gen0_ind386,1,m2,79929,165.0,35
gen0_ind386,1,m2,85195,83.0,117
gen0_ind188,1,m2,72297,72.0,128
gen0_ind188,1,m2,67334,98.0,102
gen0_ind188,1,m2,74363,173.0,27
gen0_ind188,1,m2,79929,165.0,35
gen0_ind188,1,m2,85195,83.0,117
gen0_ind27,1,m2,72297,72.0,128
gen0_ind27,1,m2,67334,98.0,102
gen0_ind27,1,m2,74363,173.0,27
gen0_ind27,1,m2,79929,165.0,35
gen0_ind27,1,m2,85195,83.0,117
gen0_ind155,1,m2,72297,72.0,128
gen0_ind155,1,m2,67334,98.0,102
gen0_ind155,1,m2,74363,173.0,27
gen0_ind155,1,m2,79929,165.0,35
gen0_ind155,1,m2,85195,83.0,117
gen0_ind1,1,m2,72297,72.0,128
gen0_ind1,1,m2,67334,98.0,102
gen0_ind1,1,m2,74363,173.0,27
gen0_ind1,1,m2,79929,165.0,35
gen0_ind1,1,m2,85195,83.0,117
gen0_ind29,1,m2,72297,72.0,128
gen0_ind29,1,m2,67334,98.0,102
gen0_ind29,1,m2,74363,173.0,27
gen0_ind29,1,m2,79929,165.0,35
gen0_ind29,1,m2,85195,83.0,117
gen0_ind230,1,m2,72297,72.0,128
gen0_ind230,1,m2,67334,98.0,102
gen0_ind230,1,m2,74363,173.0,27
gen0_ind230,1,m2,79929,165.0,35
gen0_ind230,1,m2,85195,83.0,117
gen0_ind349,1,m2,72297,72.0,128
gen0_ind349,1,m2,67334,98.0,102
gen0_ind349,1,m2,74363,173.0,27
gen0_ind349,1,m2,79929,165.0,35
gen0_ind349,1,m2,85195,83.0,117
gen0_ind361,1,m2,72297,72.0,128
gen0_ind361,1,m2,67334,98.0,102
gen0_ind361,1,m2,74363,173.0,27
gen0_ind361,1,m2,79929,165.0,35
gen0_ind361,1,m2,85195,83.0,117
gen0_ind394,1,m2,72297,72.0,128
gen0_ind394,1,m2,67334,98.0,102
gen0_ind394,1,m2,74363,173.0,27
gen0_ind394,1,m2,79929,165.0,35
gen0_ind394,1,m2,85195,83.0,117
gen0_ind130,1,m2,72297,72.0,128
gen0_ind130,1,m2,67334,98.0,102
gen0_ind130,1,m2,74363,173.0,27
gen0_ind130,1,m2,79929,165.0,35
gen0_ind130,1,m2,85195,83.0,117
gen0_ind162,1,m2,72297,72.0,128
gen0_ind162,1,m2,67334,98.0,102
gen0_ind162,1,m2,74363,173.0,27
gen0_ind162,1,m2,79929,165.0,35
gen0_ind162,1,m2,85195,83.0,117
gen0_ind51,1,m2,72297,72.0,128
gen0_ind51,1,m2,67334,98.0,102
gen0_ind51,1,m2,74363,173.0,27
gen0_ind51,1,m2,79929,165.0,35
gen0_ind51,1,m2,85195,83.0,117
gen0_ind160,1,m2,72297,72.0,128
gen0_ind160,1,m2,67334,98.0,102
gen0_ind160,1,m2,74363,173.0,27
gen0_ind160,1,m2,79929,165.0,35
gen0_ind160,1,m2,85195,83.0,117
gen0_ind342,1,m2,72297,72.0,128
gen0_ind342,1,m2,67334,98.0,102
gen0_ind342,1,m2,74363,173.0,27
gen0_ind342,1,m2,79929,165.0,35
gen0_ind342,1,m2,85195,83.0,117
gen0_ind212,1,m2,72297,72.0,128
gen0_ind212,1,m2,67334,98.0,102
gen0_ind212,1,m2,74363,173.0,27
gen0_ind212,1,m2,79929,165.0,35
gen0_ind212,1,m2,85195,83.0,117
gen0_ind352,1,m2,72297,72.0,128
gen0_ind352,1,m2,67334,98.0,102
gen0_ind352,1,m2,74363,173.0,27
gen0_ind352,1,m2,79929,165.0,35
gen0_ind352,1,m2,85195,83.0,117
gen0_ind136,1,m2,72297,72.0,128
gen0_ind136,1,m2,67334,98.0,102
gen0_ind136,1,m2,74363,173.0,27
gen0_ind136,1,m2,79929,165.0,35
gen0_ind136,1,m2,85195,83.0,117
gen0_ind249,1,m2,72297,72.0,128
gen0_ind249,1,m2,67334,98.0,102
gen0_ind249,1,m2,74363,173.0,27
gen0_ind249,1,m2,79929,165.0,35
gen0_ind249,1,m2,85195,83.0,117
gen0_ind49,1,m2,72297,72.0,128
gen0_ind49,1,m2,67334,98.0,102
gen0_ind49,1,m2,74363,173.0,27
gen0_ind49,1,m2,79929,165.0,35
gen0_ind49,1,m2,85195,83.0,117
gen0_ind78,1,m2,72297,72.0,128
gen0_ind78,1,m2,67334,98.0,102
gen0_ind78,1,m2,74363,173.0,27
gen0_ind78,1,m2,79929,165.0,35
gen0_ind78,1,m2,85195,83.0,117
gen0_ind262,1,m2,72297,72.0,128
gen0_ind262,1,m2,67334,98.0,102
gen0_ind262,1,m2,74363,173.0,27
gen0_ind262,1,m2,79929,165.0,35
gen0_ind262,1,m2,85195,83.0,117
gen0_ind246,1,m2,72297,72.0,128
gen0_ind246,1,m2,67334,98.0,102
gen0_ind246,1,m2,74363,173.0,27
gen0_ind246,1,m2,79929,165.0,35
gen0_ind246,1,m2,85195,83.0,117
gen0_ind267,1,m2,72297,72.0,128
gen0_ind267,1,m2,67334,98.0,102
gen0_ind267,1,m2,74363,173.0,27
gen0_ind267,1,m2,79929,165.0,35
gen0_ind267,1,m2,85195,83.0,117
gen0_ind189,1,m2,72297,72.0,128
gen0_ind189,1,m2,67334,98.0,102
gen0_ind189,1,m2,74363,173.0,27
gen0_ind189,1,m2,79929,165.0,35
gen0_ind189,1,m2,85195,83.0,117
gen0_ind76,1,m2,72297,72.0,128
gen0_ind76,1,m2,67334,98.0,102
gen0_ind76,1,m2,74363,173.0,27
gen0_ind76,1,m2,79929,165.0,35
gen0_ind76,1,m2,85195,83.0,117
gen0_ind260,1,m2,72297,72.0,128
gen0_ind260,1,m2,67334,98.0,102
gen0_ind260,1,m2,74363,173.0,27
gen0_ind260,1,m2,79929,165.0,35
gen0_ind260,1,m2,85195,83.0,117
gen0_ind56,1,m2,72297,72.0,128
gen0_ind56,1,m2,67334,98.0,102
gen0_ind56,1,m2,74363,173.0,27
gen0_ind56,1,m2,79929,165.0,35
gen0_ind56,1,m2,85195,83.0,117
gen0_ind184,1,m2,72297,72.0,128
gen0_ind184,1,m2,67334,98.0,102
gen0_ind184,1,m2,74363,173.0,27
gen0_ind184,1,m2,79929,165.0,35
gen0_ind184,1,m2,85195,83.0,117
gen0_ind268,1,m2,72297,72.0,128
gen0_ind268,1,m2,67334,98.0,102
gen0_ind268,1,m2,74363,173.0,27
gen0_ind268,1,m2,79929,165.0,35
gen0_ind268,1,m2,85195,83.0,117
gen0_ind65,1,m2,72297,72.0,128
gen0_ind65,1,m2,67334,98.0,102
gen0_ind65,1,m2,74363,173.0,27
gen0_ind65,1,m2,79929,165.0,35
gen0_ind65,1,m2,85195,83.0,117
gen0_ind131,1,m2,72297,72.0,128
gen0_ind131,1,m2,67334,98.0,102
gen0_ind131,1,m2,74363,173.0,27
gen0_ind131,1,m2,79929,165.0,35
gen0_ind131,1,m2,85195,83.0,117
gen0_ind204,1,m2,72297,72.0,128
gen0_ind204,1,m2,67334,98.0,102
gen0_ind204,1,m2,74363,173.0,27
gen0_ind204,1,m2,79929,165.0,35
gen0_ind204,1,m2,85195,83.0,117
gen0_ind288,1,m2,72297,72.0,128
gen0_ind288,1,m2,67334,98.0,102
gen0_ind288,1,m2,74363,173.0,27
gen0_ind288,1,m2,79929,165.0,35
gen0_ind288,1,m2,85195,83.0,117
gen0_ind300,1,m2,72297,72.0,128
gen0_ind300,1,m2,67334,98.0,102
gen0_ind300,1,m2,74363,173.0,27
gen0_ind300,1,m2,79929,165.0,35
gen0_ind300,1,m2,85195,83.0,117
gen0_ind322,1,m2,72297,72.0,128
gen0_ind322,1,m2,67334,98.0,102
gen0_ind322,1,m2,74363,173.0,27
gen0_ind322,1,m2,79929,165.0,35
gen0_ind322,1,m2,85195,83.0,117
gen0_ind157,1,m2,72297,72.0,128
gen0_ind157,1,m2,67334,98.0,102
gen0_ind157,1,m2,74363,173.0,27
gen0_ind157,1,m2,79929,165.0,35
gen0_ind157,1,m2,85195,83.0,117
gen0_ind199,1,m2,72297,72.0,128
gen0_ind199,1,m2,67334,98.0,102
gen0_ind199,1,m2,74363,173.0,27
gen0_ind199,1,m2,79929,165.0,35
gen0_ind199,1,m2,85195,83.0,117
gen0_ind9,1,m2,72297,72.0,128
gen0_ind9,1,m2,67334,98.0,102
gen0_ind9,1,m2,74363,173.0,27
gen0_ind9,1,m2,79929,165.0,35
gen0_ind9,1,m2,85195,83.0,117
gen0_ind33,1,m1,207,7.0,193
gen0_ind33,1,m2,72297,72.0,128
gen0_ind33,1,m2,67334,98.0,102
gen0_ind33,1,m2,74363,173.0,27
gen0_ind33,1,m2,79929,165.0,35
gen0_ind33,1,m2,85195,83.0,117
gen0_ind366,1,m1,207,7.0,193
gen0_ind366,1,m2,72297,72.0,128
gen0_ind366,1,m2,67334,98.0,102
gen0_ind366,1,m2,74363,173.0,27
gen0_ind366,1,m2,79929,165.0,35
gen0_ind366,1,m2,85195,83.0,117
gen0_ind340,1,m2,72297,72.0,128
gen0_ind340,1,m2,67334,98.0,102
gen0_ind340,1,m2,74363,173.0,27
gen0_ind340,1,m2,79929,165.0,35
gen0_ind340,1,m2,85195,83.0,117
gen0_ind181,1,m2,72297,72.0,128
gen0_ind181,1,m2,67334,98.0,102
gen0_ind181,1,m2,74363,173.0,27
gen0_ind181,1,m2,79929,165.0,35
gen0_ind181,1,m2,85195,83.0,117
gen0_ind362,1,m2,72297,72.0,128
gen0_ind362,1,m2,67334,98.0,102
gen0_ind362,1,m2,74363,173.0,27
gen0_ind362,1,m2,79929,165.0,35
gen0_ind362,1,m2,85195,83.0,117
gen0_ind269,1,m2,72297,72.0,128
gen0_ind269,1,m2,67334,98.0,102
gen0_ind269,1,m2,74363,173.0,27
gen0_ind269,1,m2,79929,165.0,35
gen0_ind269,1,m2,85195,83.0,117
gen0_ind114,1,m2,72297,72.0,128
gen0_ind114,1,m2,67334,98.0,102
gen0_ind114,1,m2,74363,173.0,27
gen0_ind114,1,m2,79929,165.0,35
gen0_ind114,1,m2,85195,83.0,117
gen0_ind122,1,m2,72297,72.0,128
gen0_ind122,1,m2,67334,98.0,102
gen0_ind122,1,m2,74363,173.0,27
gen0_ind122,1,m2,79929,165.0,35
gen0_ind122,1,m2,85195,83.0,117
gen0_ind150,1,m2,72297,72.0,128
gen0_ind150,1,m2,67334,98.0,102
gen0_ind150,1,m2,74363,173.0,27
gen0_ind150,1,m2,79929,165.0,35
gen0_ind150,1,m2,85195,83.0,117
gen0_ind117,1,m2,72297,72.0,128
gen0_ind117,1,m2,67334,98.0,102
gen0_ind117,1,m2,74363,173.0,27
gen0_ind117,1,m2,79929,165.0,35
gen0_ind117,1,m2,85195,83.0,117
gen0_ind32,1,m2,72297,72.0,128
gen0_ind32,1,m2,67334,98.0,102
gen0_ind32,1,m2,74363,173.0,27
gen0_ind32,1,m2,79929,165.0,35
gen0_ind32,1,m2,85195,83.0,117
gen0_ind272,1,m2,72297,72.0,128
gen0_ind272,1,m2,67334,98.0,102
gen0_ind272,1,m2,74363,173.0,27
gen0_ind272,1,m2,79929,165.0,35
gen0_ind272,1,m2,85195,83.0,117
gen0_ind312,1,m2,72297,72.0,128
gen0_ind312,1,m2,67334,98.0,102
gen0_ind312,1,m2,74363,173.0,27
gen0_ind312,1,m2,79929,165.0,35
gen0_ind312,1,m2,85195,83.0,117
gen0_ind64,1,m2,72297,72.0,128
gen0_ind64,1,m2,67334,98.0,102
gen0_ind64,1,m2,74363,173.0,27
gen0_ind64,1,m2,79929,165.0,35
gen0_ind64,1,m2,85195,83.0,117
gen0_ind241,1,m2,72297,72.0,128
gen0_ind241,1,m2,67334,98.0,102
gen0_ind241,1,m2,74363,173.0,27
gen0_ind241,1,m2,79929,165.0,35
gen0_ind241,1,m2,85195,83.0,117
gen0_ind293,1,m2,72297,72.0,128
gen0_ind293,1,m2,67334,98.0,102
gen0_ind293,1,m2,74363,173.0,27
gen0_ind293,1,m2,79929,165.0,35
gen0_ind293,1,m2,85195,83.0,117
gen0_ind172,1,m2,72297,72.0,128
gen0_ind172,1,m2,67334,98.0,102
gen0_ind172,1,m2,74363,173.0,27
gen0_ind172,1,m2,79929,165.0,35
gen0_ind172,1,m2,85195,83.0,117
gen0_ind359,1,m2,72297,72.0,128
gen0_ind359,1,m2,67334,98.0,102
gen0_ind359,1,m2,74363,173.0,27
gen0_ind359,1,m2,79929,165.0,35
gen0_ind359,1,m2,85195,83.0,117
gen0_ind148,1,m2,72297,72.0,128
gen0_ind148,1,m2,67334,98.0,102
gen0_ind148,1,m2,74363,173.0,27
gen0_ind148,1,m2,79929,165.0,35
gen0_ind148,1,m2,85195,83.0,117
gen0_ind306,1,m2,72297,72.0,128
gen0_ind306,1,m2,67334,98.0,102
gen0_ind306,1,m2,74363,173.0,27
gen0_ind306,1,m2,79929,165.0,35
gen0_ind306,1,m2,85195,83.0,117
gen0_ind46,1,m2,72297,72.0,128
gen0_ind46,1,m2,67334,98.0,102
gen0_ind46,1,m2,74363,173.0,27
gen0_ind46,1,m2,79929,165.0,35
gen0_ind46,1,m2,85195,83.0,117
gen0_ind279,1,m2,72297,72.0,128
gen0_ind279,1,m2,67334,98.0,102
gen0_ind279,1,m2,74363,173.0,27
gen0_ind279,1,m2,79929,165.0,35
gen0_ind279,1,m2,85195,83.0,117
gen0_ind345,1,m2,72297,72.0,128
gen0_ind345,1,m2,67334,98.0,102
gen0_ind345,1,m2,74363,173.0,27
gen0_ind345,1,m2,79929,165.0,35
gen0_ind345,1,m2,85195,83.0,117
gen0_ind284,1,m2,72297,72.0,128
gen0_ind284,1,m2,67334,98.0,102
gen0_ind284,1,m2,74363,173.0,27
gen0_ind284,1,m2,79929,165.0,35
gen0_ind284,1,m2,85195,83.0,117
gen0_ind111,1,m2,72297,72.0,128
gen0_ind111,1,m2,67334,98.0,102
gen0_ind111,1,m2,74363,173.0,27
gen0_ind111,1,m2,79929,165.0,35
gen0_ind111,1,m2,85195,83.0,117
gen0_ind171,1,m2,72297,72.0,128
gen0_ind171,1,m2,67334,98.0,102
gen0_ind171,1,m2,74363,173.0,27
gen0_ind171,1,m2,79929,165.0,35
gen0_ind171,1,m2,85195,83.0,117
gen0_ind53,1,m2,72297,72.0,128
gen0_ind53,1,m2,67334,98.0,102
gen0_ind53,1,m2,74363,173.0,27
gen0_ind53,1,m2,79929,165.0,35
gen0_ind53,1,m2,85195,83.0,117
gen0_ind183,1,m2,72297,72.0,128
gen0_ind183,1,m2,67334,98.0,102
gen0_ind183,1,m2,74363,173.0,27
gen0_ind183,1,m2,79929,165.0,35
gen0_ind183,1,m2,85195,83.0,117
gen0_ind147,1,m2,72297,72.0,128
gen0_ind147,1,m2,67334,98.0,102
gen0_ind147,1,m2,74363,173.0,27
gen0_ind147,1,m2,79929,165.0,35
gen0_ind147,1,m2,85195,83.0,117
gen0_ind179,1,m2,72297,72.0,128
gen0_ind179,1,m2,67334,98.0,102
gen0_ind179,1,m2,74363,173.0,27
gen0_ind179,1,m2,79929,165.0,35
gen0_ind179,1,m2,85195,83.0,117
gen0_ind317,1,m2,72297,72.0,128
gen0_ind317,1,m2,67334,98.0,102
gen0_ind317,1,m2,74363,173.0,27
gen0_ind317,1,m2,79929,165.0,35
gen0_ind317,1,m2,85195,83.0,117
gen0_ind355,1,m2,72297,72.0,128
gen0_ind355,1,m2,67334,98.0,102
gen0_ind355,1,m2,74363,173.0,27
gen0_ind355,1,m2,79929,165.0,35
gen0_ind355,1,m2,85195,83.0,117
gen0_ind48,1,m2,72297,72.0,128
gen0_ind48,1,m2,67334,98.0,102
gen0_ind48,1,m2,74363,173.0,27
gen0_ind48,1,m2,79929,165.0,35
gen0_ind48,1,m2,85195,83.0,117
gen0_ind242,1,m2,72297,72.0,128
gen0_ind242,1,m2,67334,98.0,102
gen0_ind242,1,m2,74363,173.0,27
gen0_ind242,1,m2,79929,165.0,35
gen0_ind242,1,m2,85195,83.0,117
gen0_ind218,1,m2,72297,72.0,128
gen0_ind218,1,m2,67334,98.0,102
gen0_ind218,1,m2,74363,173.0,27
gen0_ind218,1,m2,79929,165.0,35
gen0_ind218,1,m2,85195,83.0,117
gen0_ind314,1,m2,72297,72.0,128
gen0_ind314,1,m2,67334,98.0,102
gen0_ind314,1,m2,74363,173.0,27
gen0_ind314,1,m2,79929,165.0,35
gen0_ind314,1,m2,85195,83.0,117
gen0_ind110,1,m2,72297,72.0,128
gen0_ind110,1,m2,67334,98.0,102
gen0_ind110,1,m2,74363,173.0,27
gen0_ind110,1,m2,79929,165.0,35
gen0_ind110,1,m2,85195,83.0,117
gen0_ind79,1,m2,72297,72.0,128
gen0_ind79,1,m2,67334,98.0,102
gen0_ind79,1,m2,74363,173.0,27
gen0_ind79,1,m2,79929,165.0,35
gen0_ind79,1,m2,85195,83.0,117
gen0_ind125,1,m2,72297,72.0,128
gen0_ind125,1,m2,67334,98.0,102
gen0_ind125,1,m2,74363,173.0,27
gen0_ind125,1,m2,79929,165.0,35
gen0_ind125,1,m2,85195,83.0,117
gen0_ind238,1,m2,72297,72.0,128
gen0_ind238,1,m2,67334,98.0,102
gen0_ind238,1,m2,74363,173.0,27
gen0_ind238,1,m2,79929,165.0,35
gen0_ind238,1,m2,85195,83.0,117
gen0_ind327,1,m2,72297,72.0,128
gen0_ind327,1,m2,67334,98.0,102
gen0_ind327,1,m2,74363,173.0,27
gen0_ind327,1,m2,79929,165.0,35
gen0_ind327,1,m2,85195,83.0,117
gen0_ind34,1,m2,72297,72.0,128
gen0_ind34,1,m2,67334,98.0,102
gen0_ind34,1,m2,74363,173.0,27
gen0_ind34,1,m2,79929,165.0,35
gen0_ind34,1,m2,85195,83.0,117
gen0_ind88,1,m2,72297,72.0,128
gen0_ind88,1,m2,67334,98.0,102
gen0_ind88,1,m2,74363,173.0,27
gen0_ind88,1,m2,79929,165.0,35
gen0_ind88,1,m2,85195,83.0,117
gen0_ind205,1,m2,72297,72.0,128
gen0_ind205,1,m2,67334,98.0,102
gen0_ind205,1,m2,74363,173.0,27
gen0_ind205,1,m2,79929,165.0,35
gen0_ind205,1,m2,85195,83.0,117
gen0_ind77,1,m2,72297,72.0,128
gen0_ind77,1,m2,67334,98.0,102
gen0_ind77,1,m2,74363,173.0,27
gen0_ind77,1,m2,79929,165.0,35
gen0_ind77,1,m2,85195,83.0,117
gen0_ind332,1,m2,72297,72.0,128
gen0_ind332,1,m2,67334,98.0,102
gen0_ind332,1,m2,74363,173.0,27
gen0_ind332,1,m2,79929,165.0,35
gen0_ind332,1,m2,85195,83.0,117
gen0_ind336,1,m2,72297,72.0,128
gen0_ind336,1,m2,67334,98.0,102
gen0_ind336,1,m2,74363,173.0,27
gen0_ind336,1,m2,79929,165.0,35
gen0_ind336,1,m2,85195,83.0,117
gen0_ind530,3,m2,72297,72.0,128
gen0_ind530,3,m2,67334,98.0,102
gen0_ind530,3,m2,74363,173.0,27
gen0_ind530,3,m2,79929,165.0,35
gen0_ind530,3,m2,85195,83.0,117
gen0_ind72,1,m2,72297,72.0,128
gen0_ind72,1,m2,67334,98.0,102
gen0_ind72,1,m2,74363,173.0,27
gen0_ind72,1,m2,79929,165.0,35
gen0_ind72,1,m2,85195,83.0,117
gen0_ind320,1,m2,72297,72.0,128
gen0_ind320,1,m2,67334,98.0,102
gen0_ind320,1,m2,74363,173.0,27
gen0_ind320,1,m2,79929,165.0,35
gen0_ind320,1,m2,85195,83.0,117
gen0_ind137,1,m2,72297,72.0,128
gen0_ind137,1,m2,67334,98.0,102
gen0_ind137,1,m2,74363,173.0,27
gen0_ind137,1,m2,79929,165.0,35
gen0_ind137,1,m2,85195,83.0,117
gen0_ind245,1,m2,72297,72.0,128
gen0_ind245,1,m2,67334,98.0,102
gen0_ind245,1,m2,74363,173.0,27
gen0_ind245,1,m2,79929,165.0,35
gen0_ind245,1,m2,85195,83.0,117
gen0_ind3,1,m2,72297,72.0,128
gen0_ind3,1,m2,67334,98.0,102
gen0_ind3,1,m2,74363,173.0,27
gen0_ind3,1,m2,79929,165.0,35
gen0_ind3,1,m2,85195,83.0,117
gen0_ind224,1,m2,72297,72.0,128
gen0_ind224,1,m2,67334,98.0,102
gen0_ind224,1,m2,74363,173.0,27
gen0_ind224,1,m2,79929,165.0,35
gen0_ind224,1,m2,85195,83.0,117
gen0_ind507,3,m2,72297,72.0,128
gen0_ind507,3,m2,67334,98.0,102
gen0_ind507,3,m2,74363,173.0,27
gen0_ind507,3,m2,79929,165.0,35
gen0_ind507,3,m2,85195,83.0,117
gen0_ind154,1,m2,72297,72.0,128
gen0_ind154,1,m2,67334,98.0,102
gen0_ind154,1,m2,74363,173.0,27
gen0_ind154,1,m2,79929,165.0,35
gen0_ind154,1,m2,85195,83.0,117
gen0_ind62,1,m2,72297,72.0,128
gen0_ind62,1,m2,67334,98.0,102
gen0_ind62,1,m2,74363,173.0,27
gen0_ind62,1,m2,79929,165.0,35
gen0_ind62,1,m2,85195,83.0,117
gen0_ind213,1,m2,72297,72.0,128
gen0_ind213,1,m2,67334,98.0,102
gen0_ind213,1,m2,74363,173.0,27
gen0_ind213,1,m2,79929,165.0,35
gen0_ind213,1,m2,85195,83.0,117
gen0_ind93,1,m2,72297,72.0,128
gen0_ind93,1,m2,67334,98.0,102
gen0_ind93,1,m2,74363,173.0,27
gen0_ind93,1,m2,79929,165.0,35
gen0_ind93,1,m2,85195,83.0,117
gen0_ind220,1,m2,72297,72.0,128
gen0_ind220,1,m2,67334,98.0,102
gen0_ind220,1,m2,74363,173.0,27
gen0_ind220,1,m2,79929,165.0,35
gen0_ind220,1,m2,85195,83.0,117
gen0_ind399,1,m2,72297,72.0,128
gen0_ind399,1,m2,67334,98.0,102
gen0_ind399,1,m2,74363,173.0,27
gen0_ind399,1,m2,79929,165.0,35
gen0_ind399,1,m2,85195,83.0,117
gen0_ind69,1,m2,72297,72.0,128
gen0_ind69,1,m2,67334,98.0,102
gen0_ind69,1,m2,74363,173.0,27
gen0_ind69,1,m2,79929,165.0,35
gen0_ind69,1,m2,85195,83.0,117
gen0_ind310,1,m2,72297,72.0,128
gen0_ind310,1,m2,67334,98.0,102
gen0_ind310,1,m2,74363,173.0,27
gen0_ind310,1,m2,79929,165.0,35
gen0_ind310,1,m2,85195,83.0,117
gen0_ind328,1,m2,72297,72.0,128
gen0_ind328,1,m2,67334,98.0,102
gen0_ind328,1,m2,74363,173.0,27
gen0_ind328,1,m2,79929,165.0,35
gen0_ind328,1,m2,85195,83.0,117
gen0_ind294,1,m2,72297,72.0,128
gen0_ind294,1,m2,67334,98.0,102
gen0_ind294,1,m2,74363,173.0,27
gen0_ind294,1,m2,79929,165.0,35
gen0_ind294,1,m2,85195,83.0,117
gen0_ind504,3,m2,72297,72.0,128
gen0_ind504,3,m2,67334,98.0,102
gen0_ind504,3,m2,74363,173.0,27
gen0_ind504,3,m2,79929,165.0,35
gen0_ind504,3,m2,85195,83.0,117
gen0_ind61,1,m2,72297,72.0,128
gen0_ind61,1,m2,67334,98.0,102
gen0_ind61,1,m2,74363,173.0,27
gen0_ind61,1,m2,79929,165.0,35
gen0_ind61,1,m2,85195,83.0,117
gen0_ind159,1,m2,72297,72.0,128
gen0_ind159,1,m2,67334,98.0,102
gen0_ind159,1,m2,74363,173.0,27
gen0_ind159,1,m2,79929,165.0,35
gen0_ind159,1,m2,85195,83.0,117
gen0_ind18,1,m2,72297,72.0,128
gen0_ind18,1,m2,67334,98.0,102
gen0_ind18,1,m2,74363,173.0,27
gen0_ind18,1,m2,79929,165.0,35
gen0_ind18,1,m2,85195,83.0,117
gen0_ind140,1,m2,72297,72.0,128
gen0_ind140,1,m2,67334,98.0,102
gen0_ind140,1,m2,74363,173.0,27
gen0_ind140,1,m2,79929,165.0,35
gen0_ind140,1,m2,85195,83.0,117
gen0_ind15,1,m2,72297,72.0,128
gen0_ind15,1,m2,67334,98.0,102
gen0_ind15,1,m2,74363,173.0,27
gen0_ind15,1,m2,79929,165.0,35
gen0_ind15,1,m2,85195,83.0,117
gen0_ind254,1,m2,72297,72.0,128
gen0_ind254,1,m2,67334,98.0,102
gen0_ind254,1,m2,74363,173.0,27
gen0_ind254,1,m2,79929,165.0,35
gen0_ind254,1,m2,85195,83.0,117
gen0_ind285,1,m2,72297,72.0,128
gen0_ind285,1,m2,67334,98.0,102
gen0_ind285,1,m2,74363,173.0,27
gen0_ind285,1,m2,79929,165.0,35
gen0_ind285,1,m2,85195,83.0,117
gen0_ind143,1,m2,72297,72.0,128
gen0_ind143,1,m2,67334,98.0,102
gen0_ind143,1,m2,74363,173.0,27
gen0_ind143,1,m2,79929,165.0,35
gen0_ind143,1,m2,85195,83.0,117
gen0_ind334,1,m2,72297,72.0,128
gen0_ind334,1,m2,67334,98.0,102
gen0_ind334,1,m2,74363,173.0,27
gen0_ind334,1,m2,79929,165.0,35
gen0_ind334,1,m2,85195,83.0,117
gen0_ind356,1,m2,72297,72.0,128
gen0_ind356,1,m2,67334,98.0,102
gen0_ind356,1,m2,74363,173.0,27
gen0_ind356,1,m2,79929,165.0,35
gen0_ind356,1,m2,85195,83.0,117
gen0_ind187,1,m2,72297,72.0,128
gen0_ind187,1,m2,67334,98.0,102
gen0_ind187,1,m2,74363,173.0,27
gen0_ind187,1,m2,79929,165.0,35
gen0_ind187,1,m2,85195,83.0,117
gen0_ind55,1,m2,72297,72.0,128
gen0_ind55,1,m2,67334,98.0,102
gen0_ind55,1,m2,74363,173.0,27
gen0_ind55,1,m2,79929,165.0,35
gen0_ind55,1,m2,85195,83.0,117
gen0_ind301,1,m2,72297,72.0,128
gen0_ind301,1,m2,67334,98.0,102
gen0_ind301,1,m2,74363,173.0,27
gen0_ind301,1,m2,79929,165.0,35
gen0_ind301,1,m2,85195,83.0,117
gen0_ind237,1,m2,72297,72.0,128
gen0_ind237,1,m2,67334,98.0,102
gen0_ind237,1,m2,74363,173.0,27
gen0_ind237,1,m2,79929,165.0,35
gen0_ind237,1,m2,85195,83.0,117
gen0_ind17,1,m2,72297,72.0,128
gen0_ind17,1,m2,67334,98.0,102
gen0_ind17,1,m2,74363,173.0,27
gen0_ind17,1,m2,79929,165.0,35
gen0_ind17,1,m2,85195,83.0,117
gen0_ind255,1,m2,72297,72.0,128
gen0_ind255,1,m2,67334,98.0,102
gen0_ind255,1,m2,74363,173.0,27
gen0_ind255,1,m2,79929,165.0,35
gen0_ind255,1,m2,85195,83.0,117
gen0_ind85,1,m2,72297,72.0,128
gen0_ind85,1,m2,67334,98.0,102
gen0_ind85,1,m2,74363,173.0,27
gen0_ind85,1,m2,79929,165.0,35
gen0_ind85,1,m2,85195,83.0,117
gen0_ind96,1,m2,72297,72.0,128
gen0_ind96,1,m2,67334,98.0,102
gen0_ind96,1,m2,74363,173.0,27
gen0_ind96,1,m2,79929,165.0,35
gen0_ind96,1,m2,85195,83.0,117
gen0_ind98,1,m2,72297,72.0,128
gen0_ind98,1,m2,67334,98.0,102
gen0_ind98,1,m2,74363,173.0,27
gen0_ind98,1,m2,79929,165.0,35
gen0_ind98,1,m2,85195,83.0,117
gen0_ind303,1,m2,72297,72.0,128
gen0_ind303,1,m2,67334,98.0,102
gen0_ind303,1,m2,74363,173.0,27
gen0_ind303,1,m2,79929,165.0,35
gen0_ind303,1,m2,85195,83.0,117
gen0_ind286,1,m2,72297,72.0,128
gen0_ind286,1,m2,67334,98.0,102
gen0_ind286,1,m2,74363,173.0,27
gen0_ind286,1,m2,79929,165.0,35
gen0_ind286,1,m2,85195,83.0,117
gen0_ind344,1,m2,72297,72.0,128
gen0_ind344,1,m2,67334,98.0,102
gen0_ind344,1,m2,74363,173.0,27
gen0_ind344,1,m2,79929,165.0,35
gen0_ind344,1,m2,85195,83.0,117
gen0_ind39,1,m2,72297,72.0,128
gen0_ind39,1,m2,67334,98.0,102
gen0_ind39,1,m2,74363,173.0,27
gen0_ind39,1,m2,79929,165.0,35
gen0_ind39,1,m2,85195,83.0,117
gen0_ind290,1,m2,72297,72.0,128
gen0_ind290,1,m2,67334,98.0,102
gen0_ind290,1,m2,74363,173.0,27
gen0_ind290,1,m2,79929,165.0,35
gen0_ind290,1,m2,85195,83.0,117
gen0_ind376,1,m2,72297,72.0,128
gen0_ind376,1,m2,67334,98.0,102
gen0_ind376,1,m2,74363,173.0,27
gen0_ind376,1,m2,79929,165.0,35
gen0_ind376,1,m2,85195,83.0,117
gen0_ind223,1,m2,72297,72.0,128
gen0_ind223,1,m2,67334,98.0,102
gen0_ind223,1,m2,74363,173.0,27
gen0_ind223,1,m2,79929,165.0,35
gen0_ind223,1,m2,85195,83.0,117
gen0_ind251,1,m2,72297,72.0,128
gen0_ind251,1,m2,67334,98.0,102
gen0_ind251,1,m2,74363,173.0,27
gen0_ind251,1,m2,79929,165.0,35
gen0_ind251,1,m2,85195,83.0,117
gen0_ind557,3,m2,72297,72.0,128
gen0_ind557,3,m2,67334,98.0,102
gen0_ind557,3,m2,74363,173.0,27
gen0_ind557,3,m2,79929,165.0,35
gen0_ind557,3,m2,85195,83.0,117
gen0_ind26,1,m2,72297,72.0,128
gen0_ind26,1,m2,67334,98.0,102
gen0_ind26,1,m2,74363,173.0,27
gen0_ind26,1,m2,79929,165.0,35
gen0_ind26,1,m2,85195,83.0,117
gen0_ind103,1,m2,72297,72.0,128
gen0_ind103,1,m2,67334,98.0,102
gen0_ind103,1,m2,74363,173.0,27
gen0_ind103,1,m2,79929,165.0,35
gen0_ind103,1,m2,85195,83.0,117
gen0_ind339,1,m2,72297,72.0,128
gen0_ind339,1,m2,67334,98.0,102
gen0_ind339,1,m2,74363,173.0,27
gen0_ind339,1,m2,79929,165.0,35
gen0_ind339,1,m2,85195,83.0,117
gen0_ind66,1,m2,72297,72.0,128
gen0_ind66,1,m2,67334,98.0,102
gen0_ind66,1,m2,74363,173.0,27
gen0_ind66,1,m2,79929,165.0,35
gen0_ind66,1,m2,85195,83.0,117
gen0_ind36,1,m2,72297,72.0,128
gen0_ind36,1,m2,67334,98.0,102
gen0_ind36,1,m2,74363,173.0,27
gen0_ind36,1,m2,79929,165.0,35
gen0_ind36,1,m2,85195,83.0,117
gen0_ind221,1,m2,72297,72.0,128
gen0_ind221,1,m2,67334,98.0,102
gen0_ind221,1,m2,74363,173.0,27
gen0_ind221,1,m2,79929,165.0,35
gen0_ind221,1,m2,85195,83.0,117
gen0_ind2,1,m2,72297,72.0,128
gen0_ind2,1,m2,67334,98.0,102
gen0_ind2,1,m2,74363,173.0,27
gen0_ind2,1,m2,79929,165.0,35
gen0_ind2,1,m2,85195,83.0,117
gen0_ind81,1,m2,72297,72.0,128
gen0_ind81,1,m2,67334,98.0,102
gen0_ind81,1,m2,74363,173.0,27
gen0_ind81,1,m2,79929,165.0,35
gen0_ind81,1,m2,85195,83.0,117
gen0_ind176,1,m2,72297,72.0,128
gen0_ind176,1,m2,67334,98.0,102
gen0_ind176,1,m2,74363,173.0,27
gen0_ind176,1,m2,79929,165.0,35
gen0_ind176,1,m2,85195,83.0,117
gen0_ind45,1,m2,72297,72.0,128
gen0_ind45,1,m2,67334,98.0,102
gen0_ind45,1,m2,74363,173.0,27
gen0_ind45,1,m2,79929,165.0,35
gen0_ind45,1,m2,85195,83.0,117
gen0_ind37,1,m2,72297,72.0,128
gen0_ind37,1,m2,67334,98.0,102
gen0_ind37,1,m2,74363,173.0,27
gen0_ind37,1,m2,79929,165.0,35
gen0_ind37,1,m2,85195,83.0,117
gen0_ind282,1,m2,72297,72.0,128
gen0_ind282,1,m2,67334,98.0,102
gen0_ind282,1,m2,74363,173.0,27
gen0_ind282,1,m2,79929,165.0,35
gen0_ind282,1,m2,85195,83.0,117
gen0_ind19,1,m2,72297,72.0,128
gen0_ind19,1,m2,67334,98.0,102
gen0_ind19,1,m2,74363,173.0,27
gen0_ind19,1,m2,79929,165.0,35
gen0_ind19,1,m2,85195,83.0,117
gen0_ind124,1,m2,72297,72.0,128
gen0_ind124,1,m2,67334,98.0,102
gen0_ind124,1,m2,74363,173.0,27
gen0_ind124,1,m2,79929,165.0,35
gen0_ind124,1,m2,85195,83.0,117
gen0_ind138,1,m2,72297,72.0,128
gen0_ind138,1,m2,67334,98.0,102
gen0_ind138,1,m2,74363,173.0,27
gen0_ind138,1,m2,79929,165.0,35
gen0_ind138,1,m2,85195,83.0,117
gen0_ind44,1,m2,72297,72.0,128
gen0_ind44,1,m2,67334,98.0,102
gen0_ind44,1,m2,74363,173.0,27
gen0_ind44,1,m2,79929,165.0,35
gen0_ind44,1,m2,85195,83.0,117
gen0_ind381,1,m2,72297,72.0,128
gen0_ind381,1,m2,67334,98.0,102
gen0_ind381,1,m2,74363,173.0,27
gen0_ind381,1,m2,79929,165.0,35
gen0_ind381,1,m2,85195,83.0,117
gen0_ind60,1,m2,72297,72.0,128
gen0_ind60,1,m2,67334,98.0,102
gen0_ind60,1,m2,74363,173.0,27
gen0_ind60,1,m2,79929,165.0,35
gen0_ind60,1,m2,85195,83.0,117
gen0_ind112,1,m2,72297,72.0,128
gen0_ind112,1,m2,67334,98.0,102
gen0_ind112,1,m2,74363,173.0,27
gen0_ind112,1,m2,79929,165.0,35
gen0_ind112,1,m2,85195,83.0,117
gen0_ind379,1,m2,72297,72.0,128
gen0_ind379,1,m2,67334,98.0,102
gen0_ind379,1,m2,74363,173.0,27
gen0_ind379,1,m2,79929,165.0,35
gen0_ind379,1,m2,85195,83.0,117
gen0_ind74,1,m2,72297,72.0,128
gen0_ind74,1,m2,67334,98.0,102
gen0_ind74,1,m2,74363,173.0,27
gen0_ind74,1,m2,79929,165.0,35
gen0_ind74,1,m2,85195,83.0,117
gen0_ind87,1,m2,72297,72.0,128
gen0_ind87,1,m2,67334,98.0,102
gen0_ind87,1,m2,74363,173.0,27
gen0_ind87,1,m2,79929,165.0,35
gen0_ind87,1,m2,85195,83.0,117
gen0_ind540,3,m2,90497,28.0,172
gen0_ind540,3,m2,72297,72.0,128
gen0_ind540,3,m2,67334,98.0,102
gen0_ind540,3,m2,74363,173.0,27
gen0_ind540,3,m2,79929,165.0,35
gen0_ind540,3,m2,85195,83.0,117
gen0_ind503,3,m2,90497,28.0,172
gen0_ind503,3,m2,72297,72.0,128
gen0_ind503,3,m2,67334,98.0,102
gen0_ind503,3,m2,74363,173.0,27
gen0_ind503,3,m2,79929,165.0,35
gen0_ind503,3,m2,85195,83.0,117
gen0_ind586,3,m2,90497,28.0,172
gen0_ind586,3,m2,72297,72.0,128
gen0_ind586,3,m2,67334,98.0,102
gen0_ind586,3,m2,74363,173.0,27
gen0_ind586,3,m2,79929,165.0,35
gen0_ind586,3,m2,85195,83.0,117
gen0_ind596,3,m2,90497,28.0,172
gen0_ind596,3,m2,72297,72.0,128
gen0_ind596,3,m2,67334,98.0,102
gen0_ind596,3,m2,74363,173.0,27
gen0_ind596,3,m2,79929,165.0,35
gen0_ind596,3,m2,85195,83.0,117
gen0_ind517,3,m2,90497,28.0,172
gen0_ind517,3,m2,72297,72.0,128
gen0_ind517,3,m2,67334,98.0,102
gen0_ind517,3,m2,74363,173.0,27
gen0_ind517,3,m2,79929,165.0,35
gen0_ind517,3,m2,85195,83.0,117
gen0_ind547,3,m2,90497,28.0,172
gen0_ind547,3,m2,72297,72.0,128
gen0_ind547,3,m2,67334,98.0,102
gen0_ind547,3,m2,74363,173.0,27
gen0_ind547,3,m2,79929,165.0,35
gen0_ind547,3,m2,85195,83.0,117
gen0_ind531,3,m2,90497,28.0,172
gen0_ind531,3,m2,72297,72.0,128
gen0_ind531,3,m2,67334,98.0,102
gen0_ind531,3,m2,74363,173.0,27
gen0_ind531,3,m2,79929,165.0,35
gen0_ind531,3,m2,85195,83.0,117
gen0_ind574,3,m2,90497,28.0,172
gen0_ind574,3,m2,72297,72.0,128
gen0_ind574,3,m2,67334,98.0,102
gen0_ind574,3,m2,74363,173.0,27
gen0_ind574,3,m2,79929,165.0,35
gen0_ind574,3,m2,85195,83.0,117
gen0_ind591,3,m2,90497,28.0,172
gen0_ind591,3,m2,72297,72.0,128
gen0_ind591,3,m2,67334,98.0,102
gen0_ind591,3,m2,74363,173.0,27
gen0_ind591,3,m2,79929,165.0,35
gen0_ind591,3,m2,85195,83.0,117
gen0_ind552,3,m2,90497,28.0,172
gen0_ind552,3,m2,72297,72.0,128
gen0_ind552,3,m2,67334,98.0,102
gen0_ind552,3,m2,74363,173.0,27
gen0_ind552,3,m2,79929,165.0,35
gen0_ind552,3,m2,85195,83.0,117
gen0_ind597,3,m2,90497,28.0,172
gen0_ind597,3,m2,72297,72.0,128
gen0_ind597,3,m2,67334,98.0,102
gen0_ind597,3,m2,74363,173.0,27
gen0_ind597,3,m2,79929,165.0,35
gen0_ind597,3,m2,85195,83.0,117
gen0_ind537,3,m2,90497,28.0,172
gen0_ind537,3,m2,72297,72.0,128
gen0_ind537,3,m2,67334,98.0,102
gen0_ind537,3,m2,74363,173.0,27
gen0_ind537,3,m2,79929,165.0,35
gen0_ind537,3,m2,85195,83.0,117
gen0_ind594,3,m2,90497,28.0,172
gen0_ind594,3,m2,72297,72.0,128
gen0_ind594,3,m2,67334,98.0,102
gen0_ind594,3,m2,74363,173.0,27
gen0_ind594,3,m2,79929,165.0,35
gen0_ind594,3,m2,85195,83.0,117
gen0_ind512,3,m2,90497,28.0,172
gen0_ind512,3,m2,72297,72.0,128
gen0_ind512,3,m2,67334,98.0,102
gen0_ind512,3,m2,74363,173.0,27
gen0_ind512,3,m2,79929,165.0,35
gen0_ind512,3,m2,85195,83.0,117
gen0_ind553,3,m2,90497,28.0,172
gen0_ind553,3,m2,72297,72.0,128
gen0_ind553,3,m2,67334,98.0,102
gen0_ind553,3,m2,74363,173.0,27
gen0_ind553,3,m2,79929,165.0,35
gen0_ind553,3,m2,85195,83.0,117
gen0_ind535,3,m2,90497,28.0,172
gen0_ind535,3,m2,72297,72.0,128
gen0_ind535,3,m2,67334,98.0,102
gen0_ind535,3,m2,74363,173.0,27
gen0_ind535,3,m2,79929,165.0,35
gen0_ind535,3,m2,85195,83.0,117
gen0_ind539,3,m2,90497,28.0,172
gen0_ind539,3,m2,72297,72.0,128
gen0_ind539,3,m2,67334,98.0,102
gen0_ind539,3,m2,74363,173.0,27
gen0_ind539,3,m2,79929,165.0,35
gen0_ind539,3,m2,85195,83.0,117
gen0_ind549,3,m2,90497,28.0,172
gen0_ind549,3,m2,72297,72.0,128
gen0_ind549,3,m2,67334,98.0,102
gen0_ind549,3,m2,74363,173.0,27
gen0_ind549,3,m2,79929,165.0,35
gen0_ind549,3,m2,85195,83.0,117
gen0_ind554,3,m2,90497,28.0,172
gen0_ind554,3,m2,72297,72.0,128
gen0_ind554,3,m2,67334,98.0,102
gen0_ind554,3,m2,74363,173.0,27
gen0_ind554,3,m2,79929,165.0,35
gen0_ind554,3,m2,85195,83.0,117
gen0_ind518,3,m2,90497,28.0,172
gen0_ind518,3,m2,72297,72.0,128
gen0_ind518,3,m2,67334,98.0,102
gen0_ind518,3,m2,74363,173.0,27
gen0_ind518,3,m2,79929,165.0,35
gen0_ind518,3,m2,85195,83.0,117
gen0_ind563,3,m2,90497,28.0,172
gen0_ind563,3,m2,72297,72.0,128
gen0_ind563,3,m2,67334,98.0,102
gen0_ind563,3,m2,74363,173.0,27
gen0_ind563,3,m2,79929,165.0,35
gen0_ind563,3,m2,85195,83.0,117
gen0_ind523,3,m2,90497,28.0,172
gen0_ind523,3,m2,72297,72.0,128
gen0_ind523,3,m2,67334,98.0,102
gen0_ind523,3,m2,74363,173.0,27
gen0_ind523,3,m2,79929,165.0,35
gen0_ind523,3,m2,85195,83.0,117
gen0_ind595,3,m2,90497,28.0,172
gen0_ind595,3,m2,72297,72.0,128
gen0_ind595,3,m2,67334,98.0,102
gen0_ind595,3,m2,74363,173.0,27
gen0_ind595,3,m2,79929,165.0,35
gen0_ind595,3,m2,85195,83.0,117
gen0_ind543,3,m2,90497,28.0,172
gen0_ind543,3,m2,72297,72.0,128
gen0_ind543,3,m2,67334,98.0,102
gen0_ind543,3,m2,74363,173.0,27
gen0_ind543,3,m2,79929,165.0,35
gen0_ind543,3,m2,85195,83.0,117
gen0_ind511,3,m2,90497,28.0,172
gen0_ind511,3,m2,72297,72.0,128
gen0_ind511,3,m2,67334,98.0,102
gen0_ind511,3,m2,74363,173.0,27
gen0_ind511,3,m2,79929,165.0,35
gen0_ind511,3,m2,85195,83.0,117
gen0_ind575,3,m2,90497,28.0,172
gen0_ind575,3,m2,72297,72.0,128
gen0_ind575,3,m2,67334,98.0,102
gen0_ind575,3,m2,74363,173.0,27
gen0_ind575,3,m2,79929,165.0,35
gen0_ind575,3,m2,85195,83.0,117
gen0_ind502,3,m2,90497,28.0,172
gen0_ind502,3,m2,72297,72.0,128
gen0_ind502,3,m2,67334,98.0,102
gen0_ind502,3,m2,74363,173.0,27
gen0_ind502,3,m2,79929,165.0,35
gen0_ind502,3,m2,85195,83.0,117
gen0_ind559,3,m2,90497,28.0,172
gen0_ind559,3,m2,72297,72.0,128
gen0_ind559,3,m2,67334,98.0,102
gen0_ind559,3,m2,74363,173.0,27
gen0_ind559,3,m2,79929,165.0,35
gen0_ind559,3,m2,85195,83.0,117
gen0_ind571,3,m2,90497,28.0,172
gen0_ind571,3,m2,72297,72.0,128
gen0_ind571,3,m2,67334,98.0,102
gen0_ind571,3,m2,74363,173.0,27
gen0_ind571,3,m2,79929,165.0,35
gen0_ind571,3,m2,85195,83.0,117
gen0_ind505,3,m2,90497,28.0,172
gen0_ind505,3,m2,72297,72.0,128
gen0_ind505,3,m2,67334,98.0,102
gen0_ind505,3,m2,74363,173.0,27
gen0_ind505,3,m2,79929,165.0,35
gen0_ind505,3,m2,85195,83.0,117
gen0_ind544,3,m2,90497,28.0,172
gen0_ind544,3,m2,72297,72.0,128
gen0_ind544,3,m2,67334,98.0,102
gen0_ind544,3,m2,74363,173.0,27
gen0_ind544,3,m2,79929,165.0,35
gen0_ind544,3,m2,85195,83.0,117
gen0_ind528,3,m2,90497,28.0,172
gen0_ind528,3,m2,72297,72.0,128
gen0_ind528,3,m2,67334,98.0,102
gen0_ind528,3,m2,74363,173.0,27
gen0_ind528,3,m2,79929,165.0,35
gen0_ind528,3,m2,85195,83.0,117
gen0_ind551,3,m2,90497,28.0,172
gen0_ind551,3,m2,72297,72.0,128
gen0_ind551,3,m2,67334,98.0,102
gen0_ind551,3,m2,74363,173.0,27
gen0_ind551,3,m2,79929,165.0,35
gen0_ind551,3,m2,85195,83.0,117
gen0_ind576,3,m2,90497,28.0,172
gen0_ind576,3,m2,72297,72.0,128
gen0_ind576,3,m2,67334,98.0,102
gen0_ind576,3,m2,74363,173.0,27
gen0_ind576,3,m2,79929,165.0,35
gen0_ind576,3,m2,85195,83.0,117
gen0_ind579,3,m2,90497,28.0,172
gen0_ind579,3,m2,72297,72.0,128
gen0_ind579,3,m2,67334,98.0,102
gen0_ind579,3,m2,74363,173.0,27
gen0_ind579,3,m2,79929,165.0,35
gen0_ind579,3,m2,85195,83.0,117
gen0_ind500,3,m2,90497,28.0,172
gen0_ind500,3,m2,72297,72.0,128
gen0_ind500,3,m2,67334,98.0,102
gen0_ind500,3,m2,74363,173.0,27
gen0_ind500,3,m2,79929,165.0,35
gen0_ind500,3,m2,85195,83.0,117
gen0_ind546,3,m2,90497,28.0,172
gen0_ind546,3,m2,72297,72.0,128
gen0_ind546,3,m2,67334,98.0,102
gen0_ind546,3,m2,74363,173.0,27
gen0_ind546,3,m2,79929,165.0,35
gen0_ind546,3,m2,85195,83.0,117
gen0_ind560,3,m2,90497,28.0,172
gen0_ind560,3,m2,72297,72.0,128
gen0_ind560,3,m2,67334,98.0,102
gen0_ind560,3,m2,74363,173.0,27
gen0_ind560,3,m2,79929,165.0,35
gen0_ind560,3,m2,85195,83.0,117
gen0_ind520,3,m2,90497,28.0,172
gen0_ind520,3,m2,72297,72.0,128
gen0_ind520,3,m2,67334,98.0,102
gen0_ind520,3,m2,74363,173.0,27
gen0_ind520,3,m2,79929,165.0,35
gen0_ind520,3,m2,85195,83.0,117
gen0_ind565,3,m2,90497,28.0,172
gen0_ind565,3,m2,72297,72.0,128
gen0_ind565,3,m2,67334,98.0,102
gen0_ind565,3,m2,74363,173.0,27
gen0_ind565,3,m2,79929,165.0,35
gen0_ind565,3,m2,85195,83.0,117
gen0_ind343,1,m2,72297,72.0,128
gen0_ind343,1,m2,67334,98.0,102
gen0_ind343,1,m2,74363,173.0,27
gen0_ind343,1,m2,79929,165.0,35
gen0_ind343,1,m2,85195,83.0,117
gen0_ind324,1,m2,72297,72.0,128
gen0_ind324,1,m2,67334,98.0,102
gen0_ind324,1,m2,74363,173.0,27
gen0_ind324,1,m2,79929,165.0,35
gen0_ind324,1,m2,85195,83.0,117
gen0_ind326,1,m2,72297,72.0,128
gen0_ind326,1,m2,67334,98.0,102
gen0_ind326,1,m2,74363,173.0,27
gen0_ind326,1,m2,79929,165.0,35
gen0_ind326,1,m2,85195,83.0,117
gen0_ind207,1,m2,94141,4.0,196
gen0_ind207,1,m2,72297,72.0,128
gen0_ind207,1,m2,67334,98.0,102
gen0_ind207,1,m2,74363,173.0,27
gen0_ind207,1,m2,79929,165.0,35
gen0_ind207,1,m2,85195,83.0,117
gen0_ind304,1,m2,72297,72.0,128
gen0_ind304,1,m2,67334,98.0,102
gen0_ind304,1,m2,74363,173.0,27
gen0_ind304,1,m2,79929,165.0,35
gen0_ind304,1,m2,85195,83.0,117
gen0_ind12,1,m2,72297,72.0,128
gen0_ind12,1,m2,67334,98.0,102
gen0_ind12,1,m2,74363,173.0,27
gen0_ind12,1,m2,79929,165.0,35
gen0_ind12,1,m2,85195,83.0,117
gen0_ind266,1,m2,72297,72.0,128
gen0_ind266,1,m2,67334,98.0,102
gen0_ind266,1,m2,74363,173.0,27
gen0_ind266,1,m2,79929,165.0,35
gen0_ind266,1,m2,85195,83.0,117
gen0_ind396,1,m2,72297,72.0,128
gen0_ind396,1,m2,67334,98.0,102
gen0_ind396,1,m2,74363,173.0,27
gen0_ind396,1,m2,79929,165.0,35
gen0_ind396,1,m2,85195,83.0,117
gen0_ind330,1,m2,72297,72.0,128
gen0_ind330,1,m2,67334,98.0,102
gen0_ind330,1,m2,74363,173.0,27
gen0_ind330,1,m2,79929,165.0,35
gen0_ind330,1,m2,85195,83.0,117
gen0_ind265,1,m2,72297,72.0,128
gen0_ind265,1,m2,67334,98.0,102
gen0_ind265,1,m2,74363,173.0,27
gen0_ind265,1,m2,79929,165.0,35
gen0_ind265,1,m2,85195,83.0,117
gen0_ind533,3,m2,72297,72.0,128
gen0_ind533,3,m2,67334,98.0,102
gen0_ind533,3,m2,74363,173.0,27
gen0_ind533,3,m2,79929,165.0,35
gen0_ind533,3,m2,85195,83.0,117
gen0_ind562,3,m2,72297,72.0,128
gen0_ind562,3,m2,67334,98.0,102
gen0_ind562,3,m2,74363,173.0,27
gen0_ind562,3,m2,79929,165.0,35
gen0_ind562,3,m2,85195,83.0,117
gen0_ind161,1,m2,72297,72.0,128
gen0_ind161,1,m2,67334,98.0,102
gen0_ind161,1,m2,74363,173.0,27
gen0_ind161,1,m2,79929,165.0,35
gen0_ind161,1,m2,85195,83.0,117
gen0_ind50,1,m2,72297,72.0,128
gen0_ind50,1,m2,67334,98.0,102
gen0_ind50,1,m2,74363,173.0,27
gen0_ind50,1,m2,79929,165.0,35
gen0_ind50,1,m2,85195,83.0,117
gen0_ind123,1,m2,72297,72.0,128
gen0_ind123,1,m2,67334,98.0,102
gen0_ind123,1,m2,74363,173.0,27
gen0_ind123,1,m2,79929,165.0,35
gen0_ind123,1,m2,85195,83.0,117
gen0_ind120,1,m2,72297,72.0,128
gen0_ind120,1,m2,67334,98.0,102
gen0_ind120,1,m2,74363,173.0,27
gen0_ind120,1,m2,79929,165.0,35
gen0_ind120,1,m2,85195,83.0,117
gen0_ind0,1,m2,72297,72.0,128
gen0_ind0,1,m2,67334,98.0,102
gen0_ind0,1,m2,74363,173.0,27
gen0_ind0,1,m2,79929,165.0,35
gen0_ind0,1,m2,85195,83.0,117
gen0_ind129,1,m2,72297,72.0,128
gen0_ind129,1,m2,67334,98.0,102
gen0_ind129,1,m2,74363,173.0,27
gen0_ind129,1,m2,79929,165.0,35
gen0_ind129,1,m2,85195,83.0,117
gen0_ind516,3,m2,53791,26.0,174
gen0_ind516,3,m2,72297,72.0,128
gen0_ind516,3,m2,67334,98.0,102
gen0_ind516,3,m2,74363,173.0,27
gen0_ind516,3,m2,79929,165.0,35
gen0_ind516,3,m2,85195,83.0,117
gen0_ind589,3,m2,53791,26.0,174
gen0_ind589,3,m2,72297,72.0,128
gen0_ind589,3,m2,67334,98.0,102
gen0_ind589,3,m2,74363,173.0,27
gen0_ind589,3,m2,79929,165.0,35
gen0_ind589,3,m2,85195,83.0,117
gen0_ind527,3,m2,53791,26.0,174
gen0_ind527,3,m2,72297,72.0,128
gen0_ind527,3,m2,67334,98.0,102
gen0_ind527,3,m2,74363,173.0,27
gen0_ind527,3,m2,79929,165.0,35
gen0_ind527,3,m2,85195,83.0,117
gen0_ind555,3,m2,53791,26.0,174
gen0_ind555,3,m2,72297,72.0,128
gen0_ind555,3,m2,67334,98.0,102
gen0_ind555,3,m2,74363,173.0,27
gen0_ind555,3,m2,79929,165.0,35
gen0_ind555,3,m2,85195,83.0,117
gen0_ind542,3,m2,53791,26.0,174
gen0_ind542,3,m2,72297,72.0,128
gen0_ind542,3,m2,67334,98.0,102
gen0_ind542,3,m2,74363,173.0,27
gen0_ind542,3,m2,79929,165.0,35
gen0_ind542,3,m2,85195,83.0,117
gen0_ind522,3,m2,53791,26.0,174
gen0_ind522,3,m2,72297,72.0,128
gen0_ind522,3,m2,67334,98.0,102
gen0_ind522,3,m2,74363,173.0,27
gen0_ind522,3,m2,79929,165.0,35
gen0_ind522,3,m2,85195,83.0,117
gen0_ind590,3,m2,53791,26.0,174
gen0_ind590,3,m2,72297,72.0,128
gen0_ind590,3,m2,67334,98.0,102
gen0_ind590,3,m2,74363,173.0,27
gen0_ind590,3,m2,79929,165.0,35
gen0_ind590,3,m2,85195,83.0,117
gen0_ind501,3,m2,53791,26.0,174
gen0_ind501,3,m2,72297,72.0,128
gen0_ind501,3,m2,67334,98.0,102
gen0_ind501,3,m2,74363,173.0,27
gen0_ind501,3,m2,79929,165.0,35
gen0_ind501,3,m2,85195,83.0,117
gen0_ind588,3,m2,53791,26.0,174
gen0_ind588,3,m2,72297,72.0,128
gen0_ind588,3,m2,67334,98.0,102
gen0_ind588,3,m2,74363,173.0,27
gen0_ind588,3,m2,79929,165.0,35
gen0_ind588,3,m2,85195,83.0,117
gen0_ind296,1,m1,26037,17.0,183
gen0_ind296,1,m2,53791,26.0,174
gen0_ind296,1,m2,72297,72.0,128
gen0_ind296,1,m2,67334,98.0,102
gen0_ind296,1,m2,74363,173.0,27
gen0_ind296,1,m2,79929,165.0,35
gen0_ind296,1,m2,85195,83.0,117
gen0_ind5,1,m1,26037,17.0,183
gen0_ind5,1,m2,53791,26.0,174
gen0_ind5,1,m2,72297,72.0,128
gen0_ind5,1,m2,67334,98.0,102
gen0_ind5,1,m2,74363,173.0,27
gen0_ind5,1,m2,79929,165.0,35
gen0_ind5,1,m2,85195,83.0,117
gen0_ind354,1,m1,26037,17.0,183
gen0_ind354,1,m2,53791,26.0,174
gen0_ind354,1,m2,72297,72.0,128
gen0_ind354,1,m2,67334,98.0,102
gen0_ind354,1,m2,74363,173.0,27
gen0_ind354,1,m2,79929,165.0,35
gen0_ind354,1,m2,85195,83.0,117
gen0_ind228,1,m1,26037,17.0,183
gen0_ind228,1,m2,53791,26.0,174
gen0_ind228,1,m2,72297,72.0,128
gen0_ind228,1,m2,67334,98.0,102
gen0_ind228,1,m2,74363,173.0,27
gen0_ind228,1,m2,79929,165.0,35
gen0_ind228,1,m2,85195,83.0,117
gen0_ind287,1,m1,26037,17.0,183
gen0_ind287,1,m2,53791,26.0,174
gen0_ind287,1,m2,72297,72.0,128
gen0_ind287,1,m2,67334,98.0,102
gen0_ind287,1,m2,74363,173.0,27
gen0_ind287,1,m2,79929,165.0,35
gen0_ind287,1,m2,85195,83.0,117
gen0_ind337,1,m1,26037,17.0,183
gen0_ind337,1,m2,53791,26.0,174
gen0_ind337,1,m2,72297,72.0,128
gen0_ind337,1,m2,67334,98.0,102
gen0_ind337,1,m2,74363,173.0,27
gen0_ind337,1,m2,79929,165.0,35
gen0_ind337,1,m2,85195,83.0,117
gen0_ind333,1,m1,26037,17.0,183
gen0_ind333,1,m2,53791,26.0,174
gen0_ind333,1,m2,72297,72.0,128
gen0_ind333,1,m2,67334,98.0,102
gen0_ind333,1,m2,74363,173.0,27
gen0_ind333,1,m2,79929,165.0,35
gen0_ind333,1,m2,85195,83.0,117
gen0_ind369,1,m1,26037,17.0,183
gen0_ind369,1,m2,53791,26.0,174
gen0_ind369,1,m2,72297,72.0,128
gen0_ind369,1,m2,67334,98.0,102
gen0_ind369,1,m2,74363,173.0,27
gen0_ind369,1,m2,79929,165.0,35
gen0_ind369,1,m2,85195,83.0,117
gen0_ind391,1,m1,26037,17.0,183
gen0_ind391,1,m2,53791,26.0,174
gen0_ind391,1,m2,72297,72.0,128
gen0_ind391,1,m2,67334,98.0,102
gen0_ind391,1,m2,74363,173.0,27
gen0_ind391,1,m2,79929,165.0,35
gen0_ind391,1,m2,85195,83.0,117
gen0_ind52,1,m2,53791,26.0,174
gen0_ind52,1,m2,72297,72.0,128
gen0_ind52,1,m2,67334,98.0,102
gen0_ind52,1,m2,74363,173.0,27
gen0_ind52,1,m2,79929,165.0,35
gen0_ind52,1,m2,85195,83.0,117
gen0_ind101,1,m2,53791,26.0,174
gen0_ind101,1,m2,72297,72.0,128
gen0_ind101,1,m2,67334,98.0,102
gen0_ind101,1,m2,74363,173.0,27
gen0_ind101,1,m2,79929,165.0,35
gen0_ind101,1,m2,85195,83.0,117
gen0_ind149,1,m2,53791,26.0,174
gen0_ind149,1,m2,72297,72.0,128
gen0_ind149,1,m2,67334,98.0,102
gen0_ind149,1,m2,74363,173.0,27
gen0_ind149,1,m2,79929,165.0,35
gen0_ind149,1,m2,85195,83.0,117
gen0_ind360,1,m2,53791,26.0,174
gen0_ind360,1,m2,72297,72.0,128
gen0_ind360,1,m2,67334,98.0,102
gen0_ind360,1,m2,74363,173.0,27
gen0_ind360,1,m2,79929,165.0,35
gen0_ind360,1,m2,85195,83.0,117
gen0_ind38,1,m2,53791,26.0,174
gen0_ind38,1,m2,72297,72.0,128
gen0_ind38,1,m2,67334,98.0,102
gen0_ind38,1,m2,74363,173.0,27
gen0_ind38,1,m2,79929,165.0,35
gen0_ind38,1,m2,85195,83.0,117
gen0_ind139,1,m2,53791,26.0,174
gen0_ind139,1,m2,72297,72.0,128
gen0_ind139,1,m2,67334,98.0,102
gen0_ind139,1,m2,74363,173.0,27
gen0_ind139,1,m2,79929,165.0,35
gen0_ind139,1,m2,85195,83.0,117
gen0_ind398,1,m2,53791,26.0,174
gen0_ind398,1,m2,72297,72.0,128
gen0_ind398,1,m2,67334,98.0,102
gen0_ind398,1,m2,74363,173.0,27
gen0_ind398,1,m2,79929,165.0,35
gen0_ind398,1,m2,85195,83.0,117
gen0_ind295,1,m2,53791,26.0,174
gen0_ind295,1,m2,72297,72.0,128
gen0_ind295,1,m2,67334,98.0,102
gen0_ind295,1,m2,74363,173.0,27
gen0_ind295,1,m2,79929,165.0,35
gen0_ind295,1,m2,85195,83.0,117
gen0_ind371,1,m2,53791,26.0,174
gen0_ind371,1,m2,72297,72.0,128
gen0_ind371,1,m2,67334,98.0,102
gen0_ind371,1,m2,74363,173.0,27
gen0_ind371,1,m2,79929,165.0,35
gen0_ind371,1,m2,85195,83.0,117
gen0_ind235,1,m2,53791,26.0,174
gen0_ind235,1,m2,72297,72.0,128
gen0_ind235,1,m2,67334,98.0,102
gen0_ind235,1,m2,74363,173.0,27
gen0_ind235,1,m2,79929,165.0,35
gen0_ind235,1,m2,85195,83.0,117
gen0_ind364,1,m2,53791,26.0,174
gen0_ind364,1,m2,72297,72.0,128
gen0_ind364,1,m2,67334,98.0,102
gen0_ind364,1,m2,74363,173.0,27
gen0_ind364,1,m2,79929,165.0,35
gen0_ind364,1,m2,85195,83.0,117
gen0_ind169,1,m2,53791,26.0,174
gen0_ind169,1,m2,72297,72.0,128
gen0_ind169,1,m2,67334,98.0,102
gen0_ind169,1,m2,74363,173.0,27
gen0_ind169,1,m2,79929,165.0,35
gen0_ind169,1,m2,85195,83.0,117
gen0_ind258,1,m2,53791,26.0,174
gen0_ind258,1,m2,72297,72.0,128
gen0_ind258,1,m2,67334,98.0,102
gen0_ind258,1,m2,74363,173.0,27
gen0_ind258,1,m2,79929,165.0,35
gen0_ind258,1,m2,85195,83.0,117
gen0_ind323,1,m2,53791,26.0,174
gen0_ind323,1,m2,72297,72.0,128
gen0_ind323,1,m2,67334,98.0,102
gen0_ind323,1,m2,74363,173.0,27
gen0_ind323,1,m2,79929,165.0,35
gen0_ind323,1,m2,85195,83.0,117
gen0_ind389,1,m2,53791,26.0,174
gen0_ind389,1,m2,72297,72.0,128
gen0_ind389,1,m2,67334,98.0,102
gen0_ind389,1,m2,74363,173.0,27
gen0_ind389,1,m2,79929,165.0,35
gen0_ind389,1,m2,85195,83.0,117
gen0_ind22,1,m2,53791,26.0,174
gen0_ind22,1,m2,72297,72.0,128
gen0_ind22,1,m2,67334,98.0,102
gen0_ind22,1,m2,74363,173.0,27
gen0_ind22,1,m2,79929,165.0,35
gen0_ind22,1,m2,85195,83.0,117
gen0_ind109,1,m2,53791,26.0,174
gen0_ind109,1,m2,72297,72.0,128
gen0_ind109,1,m2,67334,98.0,102
gen0_ind109,1,m2,74363,173.0,27
gen0_ind109,1,m2,79929,165.0,35
gen0_ind109,1,m2,85195,83.0,117
gen0_ind232,1,m2,53791,26.0,174
gen0_ind232,1,m2,72297,72.0,128
gen0_ind232,1,m2,67334,98.0,102
gen0_ind232,1,m2,74363,173.0,27
gen0_ind232,1,m2,79929,165.0,35
gen0_ind232,1,m2,85195,83.0,117
gen0_ind387,1,m2,53791,26.0,174
gen0_ind387,1,m2,72297,72.0,128
gen0_ind387,1,m2,67334,98.0,102
gen0_ind387,1,m2,74363,173.0,27
gen0_ind387,1,m2,79929,165.0,35
gen0_ind387,1,m2,85195,83.0,117
gen0_ind156,1,m2,53791,26.0,174
gen0_ind156,1,m2,72297,72.0,128
gen0_ind156,1,m2,67334,98.0,102
gen0_ind156,1,m2,74363,173.0,27
gen0_ind156,1,m2,79929,165.0,35
gen0_ind156,1,m2,85195,83.0,117
gen0_ind173,1,m2,53791,26.0,174
gen0_ind173,1,m2,72297,72.0,128
gen0_ind173,1,m2,67334,98.0,102
gen0_ind173,1,m2,74363,173.0,27
gen0_ind173,1,m2,79929,165.0,35
gen0_ind173,1,m2,85195,83.0,117
gen0_ind264,1,m2,72297,72.0,128
gen0_ind264,1,m2,67334,98.0,102
gen0_ind264,1,m2,74363,173.0,27
gen0_ind264,1,m2,79929,165.0,35
gen0_ind264,1,m2,85195,83.0,117
gen0_ind132,1,m2,72297,72.0,128
gen0_ind132,1,m2,67334,98.0,102
gen0_ind132,1,m2,74363,173.0,27
gen0_ind132,1,m2,79929,165.0,35
gen0_ind132,1,m2,85195,83.0,117
gen0_ind40,1,m2,72297,72.0,128
gen0_ind40,1,m2,67334,98.0,102
gen0_ind40,1,m2,74363,173.0,27
gen0_ind40,1,m2,79929,165.0,35
gen0_ind40,1,m2,85195,83.0,117
gen0_ind305,1,m2,86725,15.0,185
gen0_ind305,1,m2,72297,72.0,128
gen0_ind305,1,m2,67334,98.0,102
gen0_ind305,1,m2,74363,173.0,27
gen0_ind305,1,m2,79929,165.0,35
gen0_ind305,1,m2,85195,83.0,117
gen0_ind307,1,m2,86725,15.0,185
gen0_ind307,1,m2,72297,72.0,128
gen0_ind307,1,m2,67334,98.0,102
gen0_ind307,1,m2,74363,173.0,27
gen0_ind307,1,m2,79929,165.0,35
gen0_ind307,1,m2,85195,83.0,117
gen0_ind8,1,m2,86725,15.0,185
gen0_ind8,1,m2,72297,72.0,128
gen0_ind8,1,m2,67334,98.0,102
gen0_ind8,1,m2,74363,173.0,27
gen0_ind8,1,m2,79929,165.0,35
gen0_ind8,1,m2,85195,83.0,117
gen0_ind90,1,m2,86725,15.0,185
gen0_ind90,1,m2,72297,72.0,128
gen0_ind90,1,m2,67334,98.0,102
gen0_ind90,1,m2,74363,173.0,27
gen0_ind90,1,m2,79929,165.0,35
gen0_ind90,1,m2,85195,83.0,117
gen0_ind515,3,m2,72297,72.0,128
gen0_ind515,3,m2,67334,98.0,102
gen0_ind515,3,m2,74363,173.0,27
gen0_ind515,3,m2,79929,165.0,35
gen0_ind515,3,m2,85195,83.0,117
gen0_ind593,3,m2,72297,72.0,128
gen0_ind593,3,m2,67334,98.0,102
gen0_ind593,3,m2,74363,173.0,27
gen0_ind593,3,m2,79929,165.0,35
gen0_ind593,3,m2,85195,83.0,117
gen0_ind566,3,m2,72297,72.0,128
gen0_ind566,3,m2,67334,98.0,102
gen0_ind566,3,m2,74363,173.0,27
gen0_ind566,3,m2,79929,165.0,35
gen0_ind566,3,m2,85195,83.0,117
gen0_ind599,3,m2,72297,72.0,128
gen0_ind599,3,m2,67334,98.0,102
gen0_ind599,3,m2,74363,173.0,27
gen0_ind599,3,m2,79929,165.0,35
gen0_ind599,3,m2,85195,83.0,117
gen0_ind506,3,m2,72297,72.0,128
gen0_ind506,3,m2,67334,98.0,102
gen0_ind506,3,m2,74363,173.0,27
gen0_ind506,3,m2,79929,165.0,35
gen0_ind506,3,m2,85195,83.0,117
gen0_ind526,3,m2,72297,72.0,128
gen0_ind526,3,m2,67334,98.0,102
gen0_ind526,3,m2,74363,173.0,27
gen0_ind526,3,m2,79929,165.0,35
gen0_ind526,3,m2,85195,83.0,117
gen0_ind508,3,m2,72297,72.0,128
gen0_ind508,3,m2,67334,98.0,102
gen0_ind508,3,m2,74363,173.0,27
gen0_ind508,3,m2,79929,165.0,35
gen0_ind508,3,m2,85195,83.0,117
gen0_ind581,3,m2,72297,72.0,128
gen0_ind581,3,m2,67334,98.0,102
gen0_ind581,3,m2,74363,173.0,27
gen0_ind581,3,m2,79929,165.0,35
gen0_ind581,3,m2,85195,83.0,117
gen0_ind545,3,m2,72297,72.0,128
gen0_ind545,3,m2,67334,98.0,102
gen0_ind545,3,m2,74363,173.0,27
gen0_ind545,3,m2,79929,165.0,35
gen0_ind545,3,m2,85195,83.0,117
gen0_ind510,3,m2,72297,72.0,128
gen0_ind510,3,m2,67334,98.0,102
gen0_ind510,3,m2,74363,173.0,27
gen0_ind510,3,m2,79929,165.0,35
gen0_ind510,3,m2,85195,83.0,117
gen0_ind570,3,m2,72297,72.0,128
gen0_ind570,3,m2,67334,98.0,102
gen0_ind570,3,m2,74363,173.0,27
gen0_ind570,3,m2,79929,165.0,35
gen0_ind570,3,m2,85195,83.0,117
gen0_ind538,3,m2,72297,72.0,128
gen0_ind538,3,m2,67334,98.0,102
gen0_ind538,3,m2,74363,173.0,27
gen0_ind538,3,m2,79929,165.0,35
gen0_ind538,3,m2,85195,83.0,117
gen0_ind541,3,m2,72297,72.0,128
gen0_ind541,3,m2,67334,98.0,102
gen0_ind541,3,m2,74363,173.0,27
gen0_ind541,3,m2,79929,165.0,35
gen0_ind541,3,m2,85195,83.0,117
gen0_ind519,3,m2,72297,72.0,128
gen0_ind519,3,m2,67334,98.0,102
gen0_ind519,3,m2,74363,173.0,27
gen0_ind519,3,m2,79929,165.0,35
gen0_ind519,3,m2,85195,83.0,117
gen0_ind598,3,m2,72297,72.0,128
gen0_ind598,3,m2,67334,98.0,102
gen0_ind598,3,m2,74363,173.0,27
gen0_ind598,3,m2,79929,165.0,35
gen0_ind598,3,m2,85195,83.0,117
gen0_ind548,3,m2,72297,72.0,128
gen0_ind548,3,m2,67334,98.0,102
gen0_ind548,3,m2,74363,173.0,27
gen0_ind548,3,m2,79929,165.0,35
gen0_ind548,3,m2,85195,83.0,117
gen0_ind572,3,m2,72297,72.0,128
gen0_ind572,3,m2,67334,98.0,102
gen0_ind572,3,m2,74363,173.0,27
gen0_ind572,3,m2,79929,165.0,35
gen0_ind572,3,m2,85195,83.0,117
gen0_ind583,3,m2,72297,72.0,128
gen0_ind583,3,m2,67334,98.0,102
gen0_ind583,3,m2,74363,173.0,27
gen0_ind583,3,m2,79929,165.0,35
gen0_ind583,3,m2,85195,83.0,117
gen0_ind558,3,m2,72297,72.0,128
gen0_ind558,3,m2,67334,98.0,102
gen0_ind558,3,m2,74363,173.0,27
gen0_ind558,3,m2,79929,165.0,35
gen0_ind558,3,m2,85195,83.0,117
gen0_ind514,3,m2,72297,72.0,128
gen0_ind514,3,m2,67334,98.0,102
gen0_ind514,3,m2,74363,173.0,27
gen0_ind514,3,m2,79929,165.0,35
gen0_ind514,3,m2,85195,83.0,117
gen0_ind561,3,m2,72297,72.0,128
gen0_ind561,3,m2,67334,98.0,102
gen0_ind561,3,m2,74363,173.0,27
gen0_ind561,3,m2,79929,165.0,35
gen0_ind561,3,m2,85195,83.0,117
gen0_ind642,4,m2,87323,10.0,190
gen0_ind642,4,m2,50362,56.0,144
gen0_ind642,4,m2,72297,72.0,128
gen0_ind642,4,m2,67334,98.0,102
gen0_ind642,4,m2,74363,173.0,27
gen0_ind642,4,m2,79929,165.0,35
gen0_ind642,4,m2,85195,83.0,117
gen0_ind628,4,m2,50362,56.0,144
gen0_ind628,4,m2,72297,72.0,128
gen0_ind628,4,m2,67334,98.0,102
gen0_ind628,4,m2,74363,173.0,27
gen0_ind628,4,m2,79929,165.0,35
gen0_ind628,4,m2,85195,83.0,117
gen0_ind635,4,m2,50362,56.0,144
gen0_ind635,4,m2,72297,72.0,128
gen0_ind635,4,m2,67334,98.0,102
gen0_ind635,4,m2,74363,173.0,27
gen0_ind635,4,m2,79929,165.0,35
gen0_ind635,4,m2,85195,83.0,117
gen0_ind611,4,m2,50362,56.0,144
gen0_ind611,4,m2,72297,72.0,128
gen0_ind611,4,m2,67334,98.0,102
gen0_ind611,4,m2,74363,173.0,27
gen0_ind611,4,m2,79929,165.0,35
gen0_ind611,4,m2,85195,83.0,117
gen0_ind690,4,m2,50362,56.0,144
gen0_ind690,4,m2,72297,72.0,128
gen0_ind690,4,m2,67334,98.0,102
gen0_ind690,4,m2,74363,173.0,27
gen0_ind690,4,m2,79929,165.0,35
gen0_ind690,4,m2,85195,83.0,117
gen0_ind677,4,m2,50362,56.0,144
gen0_ind677,4,m2,72297,72.0,128
gen0_ind677,4,m2,67334,98.0,102
gen0_ind677,4,m2,74363,173.0,27
gen0_ind677,4,m2,79929,165.0,35
gen0_ind677,4,m2,85195,83.0,117
gen0_ind683,4,m2,50362,56.0,144
gen0_ind683,4,m2,72297,72.0,128
gen0_ind683,4,m2,67334,98.0,102
gen0_ind683,4,m2,74363,173.0,27
gen0_ind683,4,m2,79929,165.0,35
gen0_ind683,4,m2,85195,83.0,117
gen0_ind645,4,m2,50362,56.0,144
gen0_ind645,4,m2,72297,72.0,128
gen0_ind645,4,m2,67334,98.0,102
gen0_ind645,4,m2,74363,173.0,27
gen0_ind645,4,m2,79929,165.0,35
gen0_ind645,4,m2,85195,83.0,117
gen0_ind640,4,m2,50362,56.0,144
gen0_ind640,4,m2,72297,72.0,128
gen0_ind640,4,m2,67334,98.0,102
gen0_ind640,4,m2,74363,173.0,27
gen0_ind640,4,m2,79929,165.0,35
gen0_ind640,4,m2,85195,83.0,117
gen0_ind616,4,m2,50362,56.0,144
gen0_ind616,4,m2,72297,72.0,128
gen0_ind616,4,m2,67334,98.0,102
gen0_ind616,4,m2,74363,173.0,27
gen0_ind616,4,m2,79929,165.0,35
gen0_ind616,4,m2,85195,83.0,117
gen0_ind637,4,m2,50362,56.0,144
gen0_ind637,4,m2,72297,72.0,128
gen0_ind637,4,m2,67334,98.0,102
gen0_ind637,4,m2,74363,173.0,27
gen0_ind637,4,m2,79929,165.0,35
gen0_ind637,4,m2,85195,83.0,117
gen0_ind602,4,m2,50362,56.0,144
gen0_ind602,4,m2,72297,72.0,128
gen0_ind602,4,m2,67334,98.0,102
gen0_ind602,4,m2,74363,173.0,27
gen0_ind602,4,m2,79929,165.0,35
gen0_ind602,4,m2,85195,83.0,117
gen0_ind615,4,m2,50362,56.0,144
gen0_ind615,4,m2,72297,72.0,128
gen0_ind615,4,m2,67334,98.0,102
gen0_ind615,4,m2,74363,173.0,27
gen0_ind615,4,m2,79929,165.0,35
gen0_ind615,4,m2,85195,83.0,117
gen0_ind672,4,m2,50362,56.0,144
gen0_ind672,4,m2,72297,72.0,128
gen0_ind672,4,m2,67334,98.0,102
gen0_ind672,4,m2,74363,173.0,27
gen0_ind672,4,m2,79929,165.0,35
gen0_ind672,4,m2,85195,83.0,117
gen0_ind641,4,m2,50362,56.0,144
gen0_ind641,4,m2,72297,72.0,128
gen0_ind641,4,m2,67334,98.0,102
gen0_ind641,4,m2,74363,173.0,27
gen0_ind641,4,m2,79929,165.0,35
gen0_ind641,4,m2,85195,83.0,117
gen0_ind624,4,m2,50362,56.0,144
gen0_ind624,4,m2,72297,72.0,128
gen0_ind624,4,m2,67334,98.0,102
gen0_ind624,4,m2,74363,173.0,27
gen0_ind624,4,m2,79929,165.0,35
gen0_ind624,4,m2,85195,83.0,117
gen0_ind686,4,m2,50362,56.0,144
gen0_ind686,4,m2,72297,72.0,128
gen0_ind686,4,m2,67334,98.0,102
gen0_ind686,4,m2,74363,173.0,27
gen0_ind686,4,m2,79929,165.0,35
gen0_ind686,4,m2,85195,83.0,117
gen0_ind695,4,m2,50362,56.0,144
gen0_ind695,4,m2,72297,72.0,128
gen0_ind695,4,m2,67334,98.0,102
gen0_ind695,4,m2,74363,173.0,27
gen0_ind695,4,m2,79929,165.0,35
gen0_ind695,4,m2,85195,83.0,117
gen0_ind612,4,m2,50362,56.0,144
gen0_ind612,4,m2,72297,72.0,128
gen0_ind612,4,m2,67334,98.0,102
gen0_ind612,4,m2,74363,173.0,27
gen0_ind612,4,m2,79929,165.0,35
gen0_ind612,4,m2,85195,83.0,117
gen0_ind634,4,m2,50362,56.0,144
gen0_ind634,4,m2,72297,72.0,128
gen0_ind634,4,m2,67334,98.0,102
gen0_ind634,4,m2,74363,173.0,27
gen0_ind634,4,m2,79929,165.0,35
gen0_ind634,4,m2,85195,83.0,117
gen0_ind657,4,m2,50362,56.0,144
gen0_ind657,4,m2,72297,72.0,128
gen0_ind657,4,m2,67334,98.0,102
gen0_ind657,4,m2,74363,173.0,27
gen0_ind657,4,m2,79929,165.0,35
gen0_ind657,4,m2,85195,83.0,117
gen0_ind658,4,m2,50362,56.0,144
gen0_ind658,4,m2,72297,72.0,128
gen0_ind658,4,m2,67334,98.0,102
gen0_ind658,4,m2,74363,173.0,27
gen0_ind658,4,m2,79929,165.0,35
gen0_ind658,4,m2,85195,83.0,117
gen0_ind671,4,m2,50362,56.0,144
gen0_ind671,4,m2,72297,72.0,128
gen0_ind671,4,m2,67334,98.0,102
gen0_ind671,4,m2,74363,173.0,27
gen0_ind671,4,m2,79929,165.0,35
gen0_ind671,4,m2,85195,83.0,117
gen0_ind647,4,m2,50362,56.0,144
gen0_ind647,4,m2,72297,72.0,128
gen0_ind647,4,m2,67334,98.0,102
gen0_ind647,4,m2,74363,173.0,27
gen0_ind647,4,m2,79929,165.0,35
gen0_ind647,4,m2,85195,83.0,117
gen0_ind625,4,m1,42685,9.0,191
gen0_ind625,4,m2,50362,56.0,144
gen0_ind625,4,m2,72297,72.0,128
gen0_ind625,4,m2,67334,98.0,102
gen0_ind625,4,m2,74363,173.0,27
gen0_ind625,4,m2,79929,165.0,35
gen0_ind625,4,m2,85195,83.0,117
gen0_ind681,4,m2,50362,56.0,144
gen0_ind681,4,m2,72297,72.0,128
gen0_ind681,4,m2,67334,98.0,102
gen0_ind681,4,m2,74363,173.0,27
gen0_ind681,4,m2,79929,165.0,35
gen0_ind681,4,m2,85195,83.0,117
gen0_ind654,4,m2,61820,43.0,157
gen0_ind654,4,m2,50362,56.0,144
gen0_ind654,4,m2,72297,72.0,128
gen0_ind654,4,m2,67334,98.0,102
gen0_ind654,4,m2,74363,173.0,27
gen0_ind654,4,m2,79929,165.0,35
gen0_ind654,4,m2,85195,83.0,117
gen0_ind651,4,m2,61820,43.0,157
gen0_ind651,4,m2,50362,56.0,144
gen0_ind651,4,m2,72297,72.0,128
gen0_ind651,4,m2,67334,98.0,102
gen0_ind651,4,m2,74363,173.0,27
gen0_ind651,4,m2,79929,165.0,35
gen0_ind651,4,m2,85195,83.0,117
gen0_ind652,4,m2,61820,43.0,157
gen0_ind652,4,m2,50362,56.0,144
gen0_ind652,4,m2,72297,72.0,128
gen0_ind652,4,m2,67334,98.0,102
gen0_ind652,4,m2,74363,173.0,27
gen0_ind652,4,m2,79929,165.0,35
gen0_ind652,4,m2,85195,83.0,117
gen0_ind600,4,m2,61820,43.0,157
gen0_ind600,4,m2,50362,56.0,144
gen0_ind600,4,m2,72297,72.0,128
gen0_ind600,4,m2,67334,98.0,102
gen0_ind600,4,m2,74363,173.0,27
gen0_ind600,4,m2,79929,165.0,35
gen0_ind600,4,m2,85195,83.0,117
gen0_ind619,4,m2,61820,43.0,157
gen0_ind619,4,m2,50362,56.0,144
gen0_ind619,4,m2,72297,72.0,128
gen0_ind619,4,m2,67334,98.0,102
gen0_ind619,4,m2,74363,173.0,27
gen0_ind619,4,m2,79929,165.0,35
gen0_ind619,4,m2,85195,83.0,117
gen0_ind633,4,m2,61820,43.0,157
gen0_ind633,4,m2,50362,56.0,144
gen0_ind633,4,m2,72297,72.0,128
gen0_ind633,4,m2,67334,98.0,102
gen0_ind633,4,m2,74363,173.0,27
gen0_ind633,4,m2,79929,165.0,35
gen0_ind633,4,m2,85195,83.0,117
gen0_ind673,4,m2,61820,43.0,157
gen0_ind673,4,m2,50362,56.0,144
gen0_ind673,4,m2,72297,72.0,128
gen0_ind673,4,m2,67334,98.0,102
gen0_ind673,4,m2,74363,173.0,27
gen0_ind673,4,m2,79929,165.0,35
gen0_ind673,4,m2,85195,83.0,117
gen0_ind659,4,m2,61820,43.0,157
gen0_ind659,4,m2,50362,56.0,144
gen0_ind659,4,m2,72297,72.0,128
gen0_ind659,4,m2,67334,98.0,102
gen0_ind659,4,m2,74363,173.0,27
gen0_ind659,4,m2,79929,165.0,35
gen0_ind659,4,m2,85195,83.0,117
gen0_ind646,4,m2,72349,20.0,180
gen0_ind646,4,m2,61820,43.0,157
gen0_ind646,4,m2,50362,56.0,144
gen0_ind646,4,m2,72297,72.0,128
gen0_ind646,4,m2,67334,98.0,102
gen0_ind646,4,m2,74363,173.0,27
gen0_ind646,4,m2,79929,165.0,35
gen0_ind646,4,m2,85195,83.0,117
gen0_ind694,4,m2,72349,20.0,180
gen0_ind694,4,m2,61820,43.0,157
gen0_ind694,4,m2,50362,56.0,144
gen0_ind694,4,m2,72297,72.0,128
gen0_ind694,4,m2,67334,98.0,102
gen0_ind694,4,m2,74363,173.0,27
gen0_ind694,4,m2,79929,165.0,35
gen0_ind694,4,m2,85195,83.0,117
gen0_ind603,4,m2,72349,20.0,180
gen0_ind603,4,m2,61820,43.0,157
gen0_ind603,4,m2,50362,56.0,144
gen0_ind603,4,m2,72297,72.0,128
gen0_ind603,4,m2,67334,98.0,102
gen0_ind603,4,m2,74363,173.0,27
gen0_ind603,4,m2,79929,165.0,35
gen0_ind603,4,m2,85195,83.0,117
gen0_ind665,4,m2,72349,20.0,180
gen0_ind665,4,m2,61820,43.0,157
gen0_ind665,4,m2,50362,56.0,144
gen0_ind665,4,m2,72297,72.0,128
gen0_ind665,4,m2,67334,98.0,102
gen0_ind665,4,m2,74363,173.0,27
gen0_ind665,4,m2,79929,165.0,35
gen0_ind665,4,m2,85195,83.0,117
gen0_ind696,4,m2,72349,20.0,180
gen0_ind696,4,m2,61820,43.0,157
gen0_ind696,4,m2,50362,56.0,144
gen0_ind696,4,m2,72297,72.0,128
gen0_ind696,4,m2,67334,98.0,102
gen0_ind696,4,m2,74363,173.0,27
gen0_ind696,4,m2,79929,165.0,35
gen0_ind696,4,m2,85195,83.0,117
gen0_ind605,4,m2,72349,20.0,180
gen0_ind605,4,m2,61820,43.0,157
gen0_ind605,4,m2,50362,56.0,144
gen0_ind605,4,m2,72297,72.0,128
gen0_ind605,4,m2,67334,98.0,102
gen0_ind605,4,m2,74363,173.0,27
gen0_ind605,4,m2,79929,165.0,35
gen0_ind605,4,m2,85195,83.0,117
gen0_ind621,4,m2,72349,20.0,180
gen0_ind621,4,m2,61820,43.0,157
gen0_ind621,4,m2,50362,56.0,144
gen0_ind621,4,m2,72297,72.0,128
gen0_ind621,4,m2,67334,98.0,102
gen0_ind621,4,m2,74363,173.0,27
gen0_ind621,4,m2,79929,165.0,35
gen0_ind621,4,m2,85195,83.0,117
gen0_ind650,4,m2,72349,20.0,180
gen0_ind650,4,m2,61820,43.0,157
gen0_ind650,4,m2,50362,56.0,144
gen0_ind650,4,m2,72297,72.0,128
gen0_ind650,4,m2,67334,98.0,102
gen0_ind650,4,m2,74363,173.0,27
gen0_ind650,4,m2,79929,165.0,35
gen0_ind650,4,m2,85195,83.0,117
gen0_ind678,4,m2,72349,20.0,180
gen0_ind678,4,m2,61820,43.0,157
gen0_ind678,4,m2,50362,56.0,144
gen0_ind678,4,m2,72297,72.0,128
gen0_ind678,4,m2,67334,98.0,102
gen0_ind678,4,m2,74363,173.0,27
gen0_ind678,4,m2,79929,165.0,35
gen0_ind678,4,m2,85195,83.0,117
gen0_ind631,4,m2,72349,20.0,180
gen0_ind631,4,m2,61820,43.0,157
gen0_ind631,4,m2,50362,56.0,144
gen0_ind631,4,m2,72297,72.0,128
gen0_ind631,4,m2,67334,98.0,102
gen0_ind631,4,m2,74363,173.0,27
gen0_ind631,4,m2,79929,165.0,35
gen0_ind631,4,m2,85195,83.0,117
gen0_ind670,4,m2,72349,20.0,180
gen0_ind670,4,m2,61820,43.0,157
gen0_ind670,4,m2,50362,56.0,144
gen0_ind670,4,m2,72297,72.0,128
gen0_ind670,4,m2,67334,98.0,102
gen0_ind670,4,m2,74363,173.0,27
gen0_ind670,4,m2,79929,165.0,35
gen0_ind670,4,m2,85195,83.0,117
gen0_ind684,4,m2,72349,20.0,180
gen0_ind684,4,m2,61820,43.0,157
gen0_ind684,4,m2,50362,56.0,144
gen0_ind684,4,m2,72297,72.0,128
gen0_ind684,4,m2,67334,98.0,102
gen0_ind684,4,m2,74363,173.0,27
gen0_ind684,4,m2,79929,165.0,35
gen0_ind684,4,m2,85195,83.0,117
gen0_ind614,4,m2,72349,20.0,180
gen0_ind614,4,m2,61820,43.0,157
gen0_ind614,4,m2,50362,56.0,144
gen0_ind614,4,m2,72297,72.0,128
gen0_ind614,4,m2,67334,98.0,102
gen0_ind614,4,m2,74363,173.0,27
gen0_ind614,4,m2,79929,165.0,35
gen0_ind614,4,m2,85195,83.0,117
gen0_ind644,4,m2,72349,20.0,180
gen0_ind644,4,m2,61820,43.0,157
gen0_ind644,4,m2,50362,56.0,144
gen0_ind644,4,m2,72297,72.0,128
gen0_ind644,4,m2,67334,98.0,102
gen0_ind644,4,m2,74363,173.0,27
gen0_ind644,4,m2,79929,165.0,35
gen0_ind644,4,m2,85195,83.0,117
gen0_ind604,4,m2,72349,20.0,180
gen0_ind604,4,m2,61820,43.0,157
gen0_ind604,4,m2,50362,56.0,144
gen0_ind604,4,m2,72297,72.0,128
gen0_ind604,4,m2,67334,98.0,102
gen0_ind604,4,m2,74363,173.0,27
gen0_ind604,4,m2,79929,165.0,35
gen0_ind604,4,m2,85195,83.0,117
gen0_ind648,4,m2,72349,20.0,180
gen0_ind648,4,m2,61820,43.0,157
gen0_ind648,4,m2,50362,56.0,144
gen0_ind648,4,m2,72297,72.0,128
gen0_ind648,4,m2,67334,98.0,102
gen0_ind648,4,m2,74363,173.0,27
gen0_ind648,4,m2,79929,165.0,35
gen0_ind648,4,m2,85195,83.0,117
gen0_ind660,4,m2,72349,20.0,180
gen0_ind660,4,m2,61820,43.0,157
gen0_ind660,4,m2,50362,56.0,144
gen0_ind660,4,m2,72297,72.0,128
gen0_ind660,4,m2,67334,98.0,102
gen0_ind660,4,m2,74363,173.0,27
gen0_ind660,4,m2,79929,165.0,35
gen0_ind660,4,m2,85195,83.0,117
gen0_ind666,4,m2,72349,20.0,180
gen0_ind666,4,m2,61820,43.0,157
gen0_ind666,4,m2,50362,56.0,144
gen0_ind666,4,m2,72297,72.0,128
gen0_ind666,4,m2,67334,98.0,102
gen0_ind666,4,m2,74363,173.0,27
gen0_ind666,4,m2,79929,165.0,35
gen0_ind666,4,m2,85195,83.0,117
gen0_ind606,4,m2,72349,20.0,180
gen0_ind606,4,m2,61820,43.0,157
gen0_ind606,4,m2,50362,56.0,144
gen0_ind606,4,m2,72297,72.0,128
gen0_ind606,4,m2,67334,98.0,102
gen0_ind606,4,m2,74363,173.0,27
gen0_ind606,4,m2,79929,165.0,35
gen0_ind606,4,m2,85195,83.0,117
gen0_ind667,4,m2,72349,20.0,180
gen0_ind667,4,m2,61820,43.0,157
gen0_ind667,4,m2,50362,56.0,144
gen0_ind667,4,m2,72297,72.0,128
gen0_ind667,4,m2,67334,98.0,102
gen0_ind667,4,m2,74363,173.0,27
gen0_ind667,4,m2,79929,165.0,35
gen0_ind667,4,m2,85195,83.0,117
gen0_ind607,4,m2,72349,20.0,180
gen0_ind607,4,m2,61820,43.0,157
gen0_ind607,4,m2,50362,56.0,144
gen0_ind607,4,m2,72297,72.0,128
gen0_ind607,4,m2,67334,98.0,102
gen0_ind607,4,m2,74363,173.0,27
gen0_ind607,4,m2,79929,165.0,35
gen0_ind607,4,m2,85195,83.0,117
gen0_ind688,4,m2,72349,20.0,180
gen0_ind688,4,m2,61820,43.0,157
gen0_ind688,4,m2,50362,56.0,144
gen0_ind688,4,m2,72297,72.0,128
gen0_ind688,4,m2,67334,98.0,102
gen0_ind688,4,m2,74363,173.0,27
gen0_ind688,4,m2,79929,165.0,35
gen0_ind688,4,m2,85195,83.0,117
gen0_ind626,4,m2,72349,20.0,180
gen0_ind626,4,m2,61820,43.0,157
gen0_ind626,4,m2,50362,56.0,144
gen0_ind626,4,m2,72297,72.0,128
gen0_ind626,4,m2,67334,98.0,102
gen0_ind626,4,m2,74363,173.0,27
gen0_ind626,4,m2,79929,165.0,35
gen0_ind626,4,m2,85195,83.0,117
gen0_ind629,4,m2,72349,20.0,180
gen0_ind629,4,m2,61820,43.0,157
gen0_ind629,4,m2,50362,56.0,144
gen0_ind629,4,m2,72297,72.0,128
gen0_ind629,4,m2,67334,98.0,102
gen0_ind629,4,m2,74363,173.0,27
gen0_ind629,4,m2,79929,165.0,35
gen0_ind629,4,m2,85195,83.0,117
gen0_ind632,4,m2,72349,20.0,180
gen0_ind632,4,m2,61820,43.0,157
gen0_ind632,4,m2,50362,56.0,144
gen0_ind632,4,m2,72297,72.0,128
gen0_ind632,4,m2,67334,98.0,102
gen0_ind632,4,m2,74363,173.0,27
gen0_ind632,4,m2,79929,165.0,35
gen0_ind632,4,m2,85195,83.0,117
gen0_ind699,4,m2,72349,20.0,180
gen0_ind699,4,m2,61820,43.0,157
gen0_ind699,4,m2,50362,56.0,144
gen0_ind699,4,m2,72297,72.0,128
gen0_ind699,4,m2,67334,98.0,102
gen0_ind699,4,m2,74363,173.0,27
gen0_ind699,4,m2,79929,165.0,35
gen0_ind699,4,m2,85195,83.0,117
gen0_ind630,4,m2,72349,20.0,180
gen0_ind630,4,m2,61820,43.0,157
gen0_ind630,4,m2,50362,56.0,144
gen0_ind630,4,m2,72297,72.0,128
gen0_ind630,4,m2,67334,98.0,102
gen0_ind630,4,m2,74363,173.0,27
gen0_ind630,4,m2,79929,165.0,35
gen0_ind630,4,m2,85195,83.0,117
gen0_ind676,4,m2,72349,20.0,180
gen0_ind676,4,m2,61820,43.0,157
gen0_ind676,4,m2,50362,56.0,144
gen0_ind676,4,m2,72297,72.0,128
gen0_ind676,4,m2,67334,98.0,102
gen0_ind676,4,m2,74363,173.0,27
gen0_ind676,4,m2,79929,165.0,35
gen0_ind676,4,m2,85195,83.0,117
gen0_ind608,4,m2,72349,20.0,180
gen0_ind608,4,m2,61820,43.0,157
gen0_ind608,4,m2,50362,56.0,144
gen0_ind608,4,m2,72297,72.0,128
gen0_ind608,4,m2,67334,98.0,102
gen0_ind608,4,m2,74363,173.0,27
gen0_ind608,4,m2,79929,165.0,35
gen0_ind608,4,m2,85195,83.0,117
gen0_ind655,4,m2,72349,20.0,180
gen0_ind655,4,m2,61820,43.0,157
gen0_ind655,4,m2,50362,56.0,144
gen0_ind655,4,m2,72297,72.0,128
gen0_ind655,4,m2,67334,98.0,102
gen0_ind655,4,m2,74363,173.0,27
gen0_ind655,4,m2,79929,165.0,35
gen0_ind655,4,m2,85195,83.0,117
gen0_ind679,4,m2,72349,20.0,180
gen0_ind679,4,m2,61820,43.0,157
gen0_ind679,4,m2,50362,56.0,144
gen0_ind679,4,m2,72297,72.0,128
gen0_ind679,4,m2,67334,98.0,102
gen0_ind679,4,m2,74363,173.0,27
gen0_ind679,4,m2,79929,165.0,35
gen0_ind679,4,m2,85195,83.0,117
gen0_ind682,4,m2,72349,20.0,180
gen0_ind682,4,m2,61820,43.0,157
gen0_ind682,4,m2,50362,56.0,144
gen0_ind682,4,m2,72297,72.0,128
gen0_ind682,4,m2,67334,98.0,102
gen0_ind682,4,m2,74363,173.0,27
gen0_ind682,4,m2,79929,165.0,35
gen0_ind682,4,m2,85195,83.0,117
gen0_ind663,4,m2,61820,43.0,157
gen0_ind663,4,m2,50362,56.0,144
gen0_ind663,4,m2,72297,72.0,128
gen0_ind663,4,m2,67334,98.0,102
gen0_ind663,4,m2,74363,173.0,27
gen0_ind663,4,m2,79929,165.0,35
gen0_ind663,4,m2,85195,83.0,117
gen0_ind638,4,m2,61820,43.0,157
gen0_ind638,4,m2,50362,56.0,144
gen0_ind638,4,m2,72297,72.0,128
gen0_ind638,4,m2,67334,98.0,102
gen0_ind638,4,m2,74363,173.0,27
gen0_ind638,4,m2,79929,165.0,35
gen0_ind638,4,m2,85195,83.0,117
gen0_ind674,4,m2,61820,43.0,157
gen0_ind674,4,m2,50362,56.0,144
gen0_ind674,4,m2,72297,72.0,128
gen0_ind674,4,m2,67334,98.0,102
gen0_ind674,4,m2,74363,173.0,27
gen0_ind674,4,m2,79929,165.0,35
gen0_ind674,4,m2,85195,83.0,117
gen0_ind601,4,m2,61820,43.0,157
gen0_ind601,4,m2,50362,56.0,144
gen0_ind601,4,m2,72297,72.0,128
gen0_ind601,4,m2,67334,98.0,102
gen0_ind601,4,m2,74363,173.0,27
gen0_ind601,4,m2,79929,165.0,35
gen0_ind601,4,m2,85195,83.0,117
gen0_ind639,4,m2,61820,43.0,157
gen0_ind639,4,m2,50362,56.0,144
gen0_ind639,4,m2,72297,72.0,128
gen0_ind639,4,m2,67334,98.0,102
gen0_ind639,4,m2,74363,173.0,27
gen0_ind639,4,m2,79929,165.0,35
gen0_ind639,4,m2,85195,83.0,117
gen0_ind649,4,m2,61820,43.0,157
gen0_ind649,4,m2,50362,56.0,144
gen0_ind649,4,m2,72297,72.0,128
gen0_ind649,4,m2,67334,98.0,102
gen0_ind649,4,m2,74363,173.0,27
gen0_ind649,4,m2,79929,165.0,35
gen0_ind649,4,m2,85195,83.0,117
gen0_ind609,4,m2,61820,43.0,157
gen0_ind609,4,m2,50362,56.0,144
gen0_ind609,4,m2,72297,72.0,128
gen0_ind609,4,m2,67334,98.0,102
gen0_ind609,4,m2,74363,173.0,27
gen0_ind609,4,m2,79929,165.0,35
gen0_ind609,4,m2,85195,83.0,117
gen0_ind613,4,m2,61820,43.0,157
gen0_ind613,4,m2,50362,56.0,144
gen0_ind613,4,m2,72297,72.0,128
gen0_ind613,4,m2,67334,98.0,102
gen0_ind613,4,m2,74363,173.0,27
gen0_ind613,4,m2,79929,165.0,35
gen0_ind613,4,m2,85195,83.0,117
gen0_ind623,4,m2,61820,43.0,157
gen0_ind623,4,m2,50362,56.0,144
gen0_ind623,4,m2,72297,72.0,128
gen0_ind623,4,m2,67334,98.0,102
gen0_ind623,4,m2,74363,173.0,27
gen0_ind623,4,m2,79929,165.0,35
gen0_ind623,4,m2,85195,83.0,117
gen0_ind617,4,m2,61820,43.0,157
gen0_ind617,4,m2,50362,56.0,144
gen0_ind617,4,m2,72297,72.0,128
gen0_ind617,4,m2,67334,98.0,102
gen0_ind617,4,m2,74363,173.0,27
gen0_ind617,4,m2,79929,165.0,35
gen0_ind617,4,m2,85195,83.0,117
gen0_ind622,4,m2,61820,43.0,157
gen0_ind622,4,m2,50362,56.0,144
gen0_ind622,4,m2,72297,72.0,128
gen0_ind622,4,m2,67334,98.0,102
gen0_ind622,4,m2,74363,173.0,27
gen0_ind622,4,m2,79929,165.0,35
gen0_ind622,4,m2,85195,83.0,117
gen0_ind692,4,m2,61820,43.0,157
gen0_ind692,4,m2,50362,56.0,144
gen0_ind692,4,m2,72297,72.0,128
gen0_ind692,4,m2,67334,98.0,102
gen0_ind692,4,m2,74363,173.0,27
gen0_ind692,4,m2,79929,165.0,35
gen0_ind692,4,m2,85195,83.0,117
gen0_ind698,4,m2,61820,43.0,157
gen0_ind698,4,m2,50362,56.0,144
gen0_ind698,4,m2,72297,72.0,128
gen0_ind698,4,m2,67334,98.0,102
gen0_ind698,4,m2,74363,173.0,27
gen0_ind698,4,m2,79929,165.0,35
gen0_ind698,4,m2,85195,83.0,117
gen0_ind661,4,m2,61820,43.0,157
gen0_ind661,4,m2,50362,56.0,144
gen0_ind661,4,m2,72297,72.0,128
gen0_ind661,4,m2,67334,98.0,102
gen0_ind661,4,m2,74363,173.0,27
gen0_ind661,4,m2,79929,165.0,35
gen0_ind661,4,m2,85195,83.0,117
gen0_ind685,4,m2,61820,43.0,157
gen0_ind685,4,m2,50362,56.0,144
gen0_ind685,4,m2,72297,72.0,128
gen0_ind685,4,m2,67334,98.0,102
gen0_ind685,4,m2,74363,173.0,27
gen0_ind685,4,m2,79929,165.0,35
gen0_ind685,4,m2,85195,83.0,117
gen0_ind668,4,m2,61820,43.0,157
gen0_ind668,4,m2,50362,56.0,144
gen0_ind668,4,m2,72297,72.0,128
gen0_ind668,4,m2,67334,98.0,102
gen0_ind668,4,m2,74363,173.0,27
gen0_ind668,4,m2,79929,165.0,35
gen0_ind668,4,m2,85195,83.0,117
gen0_ind618,4,m2,61820,43.0,157
gen0_ind618,4,m2,50362,56.0,144
gen0_ind618,4,m2,72297,72.0,128
gen0_ind618,4,m2,67334,98.0,102
gen0_ind618,4,m2,74363,173.0,27
gen0_ind618,4,m2,79929,165.0,35
gen0_ind618,4,m2,85195,83.0,117
gen0_ind687,4,m2,61820,43.0,157
gen0_ind687,4,m2,50362,56.0,144
gen0_ind687,4,m2,72297,72.0,128
gen0_ind687,4,m2,67334,98.0,102
gen0_ind687,4,m2,74363,173.0,27
gen0_ind687,4,m2,79929,165.0,35
gen0_ind687,4,m2,85195,83.0,117
gen0_ind643,4,m2,61820,43.0,157
gen0_ind643,4,m2,50362,56.0,144
gen0_ind643,4,m2,72297,72.0,128
gen0_ind643,4,m2,67334,98.0,102
gen0_ind643,4,m2,74363,173.0,27
gen0_ind643,4,m2,79929,165.0,35
gen0_ind643,4,m2,85195,83.0,117
gen0_ind664,4,m2,61820,43.0,157
gen0_ind664,4,m2,50362,56.0,144
gen0_ind664,4,m2,72297,72.0,128
gen0_ind664,4,m2,67334,98.0,102
gen0_ind664,4,m2,74363,173.0,27
gen0_ind664,4,m2,79929,165.0,35
gen0_ind664,4,m2,85195,83.0,117
gen0_ind697,4,m2,61820,43.0,157
gen0_ind697,4,m2,50362,56.0,144
gen0_ind697,4,m2,72297,72.0,128
gen0_ind697,4,m2,67334,98.0,102
gen0_ind697,4,m2,74363,173.0,27
gen0_ind697,4,m2,79929,165.0,35
gen0_ind697,4,m2,85195,83.0,117
gen0_ind627,4,m2,61820,43.0,157
gen0_ind627,4,m2,50362,56.0,144
gen0_ind627,4,m2,72297,72.0,128
gen0_ind627,4,m2,67334,98.0,102
gen0_ind627,4,m2,74363,173.0,27
gen0_ind627,4,m2,79929,165.0,35
gen0_ind627,4,m2,85195,83.0,117
gen0_ind653,4,m2,61820,43.0,157
gen0_ind653,4,m2,50362,56.0,144
gen0_ind653,4,m2,72297,72.0,128
gen0_ind653,4,m2,67334,98.0,102
gen0_ind653,4,m2,74363,173.0,27
gen0_ind653,4,m2,79929,165.0,35
gen0_ind653,4,m2,85195,83.0,117
gen0_ind689,4,m2,61820,43.0,157
gen0_ind689,4,m2,50362,56.0,144
gen0_ind689,4,m2,72297,72.0,128
gen0_ind689,4,m2,67334,98.0,102
gen0_ind689,4,m2,74363,173.0,27
gen0_ind689,4,m2,79929,165.0,35
gen0_ind689,4,m2,85195,83.0,117
gen0_ind567,3,m2,72297,72.0,128
gen0_ind567,3,m2,67334,98.0,102
gen0_ind567,3,m2,74363,173.0,27
gen0_ind567,3,m2,79929,165.0,35
gen0_ind567,3,m2,85195,83.0,117
gen0_ind569,3,m2,72297,72.0,128
gen0_ind569,3,m2,67334,98.0,102
gen0_ind569,3,m2,74363,173.0,27
gen0_ind569,3,m2,79929,165.0,35
gen0_ind569,3,m2,85195,83.0,117
gen0_ind592,3,m2,72297,72.0,128
gen0_ind592,3,m2,67334,98.0,102
gen0_ind592,3,m2,74363,173.0,27
gen0_ind592,3,m2,79929,165.0,35
gen0_ind592,3,m2,85195,83.0,117
gen0_ind509,3,m2,72297,72.0,128
gen0_ind509,3,m2,67334,98.0,102
gen0_ind509,3,m2,74363,173.0,27
gen0_ind509,3,m2,79929,165.0,35
gen0_ind509,3,m2,85195,83.0,117
gen0_ind513,3,m2,72297,72.0,128
gen0_ind513,3,m2,67334,98.0,102
gen0_ind513,3,m2,74363,173.0,27
gen0_ind513,3,m2,79929,165.0,35
gen0_ind513,3,m2,85195,83.0,117
